830.849350,490.736294,138.852471,61.536502,28.576482,0.863091,-8.210065,-28.098368,-50.771417,-43.982059,-70.078497,-61.331367
837.683998,486.483659,122.642098,37.912865,4.637193,-14.996782,-36.257641,-59.788549,-46.214507,-25.222045,-57.179037,-39.597754
811.742824,443.531886,109.214330,60.650930,34.591708,-26.454216,-47.595220,-56.099416,-56.683937,-53.133006,-66.089149,-13.185005
792.541557,415.653489,66.290733,32.575550,41.297875,-7.902529,-18.015322,-21.009820,-38.839363,-2.689166,-22.095432,-8.836055
846.330625,468.392135,77.837208,36.573871,52.049616,5.748187,-12.118196,-23.921045,-62.827722,-52.586777,-61.551308,-44.875950
842.868123,469.859640,101.182615,51.122362,40.466837,-33.331973,-42.126601,-37.114380,-77.896833,-62.235622,-75.147703,-39.381984
843.127535,467.400743,83.820563,26.278378,41.508644,-14.374579,-30.387173,-29.339693,-60.413974,-33.639751,-65.285102,-47.051633
831.443804,488.219841,115.326225,34.877801,22.991545,-25.851656,-35.093002,-48.566494,-55.797800,-26.935716,-60.017695,-48.902262
826.775442,473.586889,103.139858,49.845769,29.589719,-46.492293,-39.961481,-12.480370,-28.854110,-29.570472,-56.653953,-31.594410
826.355278,460.723956,78.110227,14.239307,16.306026,-30.134877,-31.283683,-32.184987,-54.623717,-20.982387,-24.651771,-1.527261
837.937689,493.901235,100.492335,22.301644,0.392378,-40.203603,-19.154930,-19.214107,-46.665070,-40.209530,-66.627731,-48.828327
874.347482,514.747046,110.003390,35.576089,6.190594,-49.467833,-40.108843,-40.105509,-53.677119,-29.021220,-53.265739,-31.172586
830.983283,484.957489,88.856983,15.688121,4.571682,-29.108341,-23.919485,-42.415287,-53.310509,-8.631632,-24.493670,-14.969580
849.833371,506.771499,115.734281,19.952460,-3.792855,-39.064726,-20.492726,-10.015410,-31.175023,-21.145237,-45.010232,-23.068506
830.423176,479.815159,110.281277,45.198229,18.287900,-17.798270,-0.531355,-10.548536,-31.539125,-25.587847,-73.799711,-48.071011
818.278249,479.711230,107.837526,40.990304,22.173421,-16.710772,-12.895404,-34.934538,-49.280005,-23.213665,-45.646904,-44.761863
801.062662,458.556718,88.627441,16.522804,-1.090327,-43.522030,-16.639627,1.594229,-17.173241,-8.979282,-28.120247,-16.540895
789.204612,424.648308,59.977791,21.052116,-6.047677,-37.796870,-21.366857,-17.682457,-14.313218,5.021038,-17.124803,-12.961524
847.112577,482.907050,113.665483,49.951935,28.579812,16.449878,13.035561,-24.951143,-52.756724,-50.532010,-68.722812,-31.527756
866.948533,503.453968,144.096613,71.975243,17.871386,9.143953,9.551351,-62.826910,-104.939477,-68.353078,-70.298674,-33.167547
936.484412,548.945860,141.809981,36.337658,-25.667894,-38.599869,-24.451805,-51.112816,-111.977846,-99.805066,-60.879086,-9.286655
874.982789,497.069547,111.203791,57.742340,21.719596,-24.663146,-42.176416,-49.484989,-71.284125,-70.743789,-66.941477,-42.689603
818.597105,456.727826,99.866449,48.814356,6.469937,-13.785440,-6.124493,-23.210486,-60.105626,-39.648244,-33.942940,-29.610733
913.946201,509.929835,109.090703,67.680326,54.463764,-8.007752,-58.897704,-65.455942,-68.158950,-42.065709,-34.319077,-24.351775
837.014956,460.405768,123.256450,59.646713,9.557211,-21.364806,-26.371781,-64.833388,-94.672346,-41.838455,-18.532157,-5.140656
859.626859,499.888467,146.266140,57.292770,-8.973533,-25.915019,-36.618011,-52.334763,-68.064012,-51.190819,-39.413457,-21.244884
861.927331,491.286196,109.592676,33.497440,-1.246450,-9.552683,-13.459539,-32.922590,-59.712647,-33.956249,-19.003730,-16.132158
812.701540,457.887342,125.078028,60.206969,19.293189,3.857700,13.992209,-9.465902,-38.970567,-20.313993,-48.583591,-52.182509
828.864065,451.568296,100.560037,69.501957,31.517536,8.759139,-6.873442,-29.531535,-56.998192,-51.964732,-53.893582,-36.931428
925.582519,498.664559,79.360273,48.075821,24.513068,2.818296,-33.881800,-60.328843,-64.504829,-35.135302,-36.477585,-38.509543
847.578447,459.907510,90.041662,42.098269,19.192132,-17.685329,-46.063795,-33.126205,-34.887504,-28.187756,-23.570620,-14.511548
913.096671,490.554733,117.226027,84.980574,51.913122,-19.061557,-66.649134,-82.608478,-78.685217,-39.553612,-27.371350,-14.683248
965.543984,498.951233,118.307383,67.573067,31.975497,-8.048734,-17.715112,-65.328310,-84.173593,-32.077350,-17.760167,-11.070146
958.778866,498.101252,108.095795,46.444681,19.932649,-15.229294,-26.916855,-66.111062,-74.602867,-25.717335,-8.149140,-4.812467
980.665333,502.757810,108.762854,45.820826,-0.983222,-33.220706,-20.554449,-53.221663,-84.223294,-58.022211,-19.868114,-3.049297
963.740625,493.400904,99.837982,53.298088,41.853979,6.692111,-9.597551,-55.738334,-74.467661,-32.868203,-23.785117,-34.276123
937.728142,498.216881,83.210763,33.105833,11.230263,8.030052,16.515953,-40.619632,-95.839673,-38.090424,-6.175089,-6.240541
1128.931929,540.169218,67.354622,51.762497,13.101130,13.574484,-20.573551,-99.080862,-176.548029,-86.076685,-14.154501,-22.251546
1219.058231,561.962235,57.951128,49.070282,4.112815,20.668170,-26.413940,-127.108539,-210.012972,-104.333381,-9.920607,-12.530186
1184.233585,560.920605,78.054175,51.964191,-7.260830,0.696547,-41.560234,-123.674288,-195.042679,-104.783808,-22.775825,-6.301964
954.847191,449.374877,38.434711,-28.563900,-79.063025,-12.994657,2.952639,-22.195950,-56.054399,-21.007951,-25.225941,31.777339
1695.772718,615.638015,45.177797,-1.046030,-113.570823,21.041277,19.175708,9.820699,25.500485,48.542584,-32.031186,49.060210
27569.870174,0.000000,0.000000,0.000000,-0.000000,0.000000,0.000000,0.000000,-0.000000,0.000000,-0.000000,0.000000
27569.870174,0.000000,0.000000,0.000000,-0.000000,0.000000,0.000000,0.000000,-0.000000,0.000000,-0.000000,0.000000
27569.870174,0.000000,0.000000,0.000000,-0.000000,0.000000,0.000000,0.000000,-0.000000,0.000000,-0.000000,0.000000
27569.870174,0.000000,0.000000,0.000000,-0.000000,0.000000,0.000000,0.000000,-0.000000,0.000000,-0.000000,0.000000
1460.622158,482.980669,-96.997011,-13.831433,-18.292069,55.592461,3.081333,-26.295382,29.371139,-33.782367,-20.180162,-32.460015
817.129476,403.776753,28.753841,-1.872434,-41.676541,8.785088,8.377806,-5.532319,5.011572,-47.564844,-58.591407,-36.398527
869.323307,484.182764,93.856538,35.845353,-20.760754,-9.926686,-26.172630,-38.174444,1.096894,-24.708885,-50.331779,-50.092640
875.851137,492.839040,116.430333,60.618532,-24.559798,-44.319448,-57.646479,-46.489275,-14.711802,-33.376111,-31.387954,-47.340445
893.378212,515.887111,131.451933,42.656177,-40.024736,-26.123630,-26.190820,-62.249384,-58.777701,-54.894871,-37.192034,-52.486363
852.896205,482.594983,111.434610,60.109674,4.987440,-3.216575,-18.159335,-60.719110,-46.647033,-55.080955,-53.797000,-38.905840
823.824143,484.297879,102.203455,55.270084,10.336795,-40.251269,-29.821071,-38.750143,-38.174135,-17.000620,-23.890189,-45.530524
815.735877,493.755342,109.017017,39.520263,-4.941174,-55.496994,-41.312743,-35.713147,-37.870595,-27.118829,-13.083149,-26.986285
836.785247,507.347542,100.011313,-1.353535,-9.484791,-21.856892,-14.044758,-12.018947,-33.054934,-42.183108,-33.512908,-32.670313
735.215786,441.384305,88.462892,34.726357,21.670863,-12.560364,-8.603569,-14.979848,-42.882589,-53.164783,-52.413225,-45.409950
774.649017,485.796176,137.657116,82.708198,41.506147,-35.472118,-29.611263,2.589834,-22.755051,-41.986544,-50.502591,-69.400722
345.727213,221.315255,109.391642,111.538485,44.172067,-27.220901,8.858700,43.867820,13.238767,15.611082,35.125398,11.803793
238.739323,175.520363,123.255748,90.990862,39.567075,-3.577572,7.176980,30.567362,24.883280,24.369624,26.806067,11.964956
192.518721,153.563863,103.764295,57.719230,17.400768,-3.294545,6.680963,25.675200,27.627557,28.117759,30.228047,18.604340
124.614332,109.035861,86.509728,62.956984,40.044821,27.796574,27.376099,28.943120,24.890535,19.213589,15.176564,9.069047
76.536025,61.040048,59.011301,44.694149,48.304576,36.152994,37.615338,29.232559,33.757036,25.804819,25.495566,19.536633
77.122026,52.183886,50.609349,34.092600,43.478281,30.378808,31.258009,22.023275,33.733813,29.359090,22.999499,17.385606
80.267602,45.934284,45.684058,38.516064,46.362345,36.314686,36.400769,19.104274,30.374614,29.808081,21.708974,21.305374
70.898933,34.422839,36.930320,33.382670,48.127985,37.280622,38.428434,21.435346,31.627859,32.763750,22.910904,24.891220
65.353836,23.414976,33.687160,23.706945,37.102280,29.370839,35.783662,17.834485,27.494231,28.052911,19.262644,24.817993
95.515552,33.550974,35.168243,45.823407,45.060060,42.487333,50.492158,22.662834,41.423172,39.504066,23.000075,35.929240
91.712776,26.262302,22.342650,30.234247,43.107908,37.264519,40.652727,15.722537,33.992955,33.119967,19.208628,22.990219
90.779693,26.561344,25.770779,37.607238,46.306435,39.178882,38.757531,27.217525,40.074929,38.917351,27.687060,23.417777
91.345947,23.767097,15.320080,28.759630,48.137785,36.196989,29.392689,20.296478,34.614349,31.806833,21.962685,22.452527
106.062111,34.055110,25.421772,40.015918,47.644969,41.426190,30.354820,17.054922,36.308049,37.167987,21.203472,22.541426
86.213247,13.510907,11.902658,28.991626,35.352662,28.657221,31.340193,10.240717,25.397048,29.147517,18.149979,15.418968
105.395924,19.968040,23.980591,53.125912,48.164874,39.487593,41.666256,22.424574,46.849020,41.728020,21.832608,29.985099
101.067943,21.390764,26.939875,45.793629,43.587863,40.984534,44.278264,23.380465,44.491713,34.726329,23.321141,30.867249
77.595374,6.871398,10.984043,25.335062,24.380899,16.986180,14.065239,5.690228,28.563762,16.626915,8.280765,16.514792
80.968307,10.248898,13.108690,26.803395,29.278290,19.691615,17.984550,10.984975,34.472667,30.025681,5.620925,24.461688
56.273048,7.400199,22.928905,14.753438,23.140556,18.290563,21.620655,11.981347,22.821808,20.870713,12.644132,18.654391
58.858823,12.473345,29.030109,19.080460,29.499710,21.993187,23.481123,17.136646,28.627094,17.429537,11.133189,19.997982
57.629075,9.753394,27.974712,10.267221,32.400757,17.862613,26.874565,18.539089,20.118084,16.452118,13.924806,19.561780
53.962583,19.616494,35.894791,18.082182,39.894100,25.838288,33.402625,24.742344,26.033370,25.480604,20.685643,27.478441
52.691520,21.730329,37.062549,15.860860,33.846098,20.183259,27.293351,21.160836,23.758747,23.968447,18.862624,26.734662
56.627720,19.689808,40.719544,19.118965,38.098222,24.143664,33.078759,28.545694,26.541762,28.786350,14.634700,25.976549
61.999445,28.159930,49.201085,28.633414,42.343416,32.539440,38.257622,38.256797,33.527250,40.257784,24.665358,31.363653
76.215109,35.025519,61.523802,37.994296,48.900796,37.891807,45.074392,45.833162,35.978368,47.864636,28.603931,35.261755
57.818429,19.620295,38.075833,24.389096,29.313065,22.171557,31.205149,29.007194,23.574526,32.526323,19.843891,25.242543
73.156901,26.243417,46.475308,37.528391,40.956222,29.720655,39.849945,36.269794,37.124888,39.617567,28.875931,35.628778
70.468185,32.974392,34.442065,38.152177,35.895480,23.550217,36.864984,34.580031,38.817346,37.304132,34.843504,25.960239
55.167526,33.286442,33.065857,33.345113,28.000934,28.471115,26.989478,25.241912,29.995314,29.537226,36.957309,24.273465
55.827234,27.862620,22.466266,21.902790,22.272422,29.460562,16.482090,17.886315,19.401870,24.260878,35.675218,22.081860
68.723699,33.241080,25.265700,25.386167,30.126141,40.293533,19.893980,25.438693,24.657080,34.550984,40.896828,24.720386
73.532181,24.047213,23.876310,20.615027,27.539668,37.135037,18.218398,28.972517,20.747960,34.245788,30.886471,21.344435
86.773803,19.930601,43.613839,17.386076,29.599342,43.353946,24.618776,44.998868,29.117775,43.080755,31.762463,23.627410
88.331713,22.585801,38.865931,19.087121,33.835170,53.426369,25.559403,39.387985,25.463859,40.187839,40.515795,23.255098
90.280385,30.211050,40.166389,23.516159,33.175187,51.196195,31.089830,38.343539,27.604407,33.235972,41.131199,26.017150
125.569085,27.202826,38.246082,-7.012738,40.544956,56.538632,38.308724,40.624879,17.018040,41.030082,28.552168,27.483454
125.886952,8.664607,44.804464,-6.463910,48.529229,64.480820,32.513833,35.779056,8.453368,43.140836,35.493906,36.080105
139.080935,16.207947,45.696574,-4.282635,52.593423,76.423960,45.318457,35.364294,4.741451,45.472117,49.528194,44.104382
171.253246,31.532005,23.437208,-18.910283,55.956710,88.264727,58.473338,31.733020,-6.516288,42.860921,50.653736,41.405513
282.419170,62.273393,-33.056348,-88.490961,48.552199,117.990244,76.721272,16.392536,-34.314128,41.498225,47.544024,19.112691
305.306159,58.752312,-73.720240,-134.252913,19.033453,109.728799,95.990084,27.141953,-62.559413,7.777096,24.806591,10.361707
257.201947,61.134804,-18.582873,-104.582804,32.396232,100.581396,81.824079,27.380514,-39.311467,19.639088,30.044490,21.974564
221.214608,43.671032,-18.379011,-110.169552,3.858038,67.294039,47.685893,2.505595,-46.707740,15.922705,35.659540,28.261169
163.731845,16.733261,-5.702360,-77.909163,16.443384,66.550548,34.837573,-5.556383,-50.324573,4.997608,26.724680,20.109471
137.264236,19.552297,-8.445780,-57.632641,17.709828,66.642326,33.176889,-3.281804,-48.352195,6.889864,34.384243,20.792366
107.622925,-2.829833,1.495298,-57.624687,8.143918,39.407278,23.041110,3.875863,-32.732987,4.372022,15.192890,14.893375
118.588389,15.241814,7.393056,-45.318878,10.436017,47.902150,24.377768,6.299947,-29.875924,3.183663,10.588349,14.281215
72.881723,5.666226,-4.783612,-28.178090,7.656841,36.863786,17.037644,3.682846,-17.846211,4.458370,14.223276,12.056439
53.026533,4.092775,-6.861080,-24.345225,2.945839,29.572842,12.165534,1.609304,-15.820421,4.768011,15.395100,12.527488
66.199916,11.832796,-9.994601,-26.875025,3.812516,27.294723,15.529388,8.198243,-8.888047,12.816096,17.473114,4.964866
61.721198,18.257106,-13.079439,-26.917180,2.621954,27.032871,21.183398,3.667026,-16.755111,-1.105129,11.927013,11.211892
59.273050,18.231596,-17.232426,-27.531551,1.163555,31.462542,23.932955,6.336657,-16.953830,-0.169190,17.915637,16.383437
66.728791,26.751273,-16.331149,-27.456933,2.170154,35.639174,33.195315,9.352058,-10.750387,-0.911917,24.662947,18.059493
65.902713,28.721260,-7.016704,-13.494764,14.822046,27.351940,30.673987,7.503406,-5.423116,6.693976,30.117684,20.864976
64.633015,20.377031,-19.902462,-22.781585,12.923536,21.962895,25.379245,3.011710,-7.828482,0.762182,19.686112,6.140489
59.501044,12.437584,-16.132766,-13.771916,19.104398,13.494157,23.820397,5.985169,-6.072965,-2.210183,25.369243,14.331417
70.942588,24.152004,-1.509521,-4.969395,29.224775,32.136739,41.896932,9.554196,-4.506207,8.421293,37.947672,28.154793
102.264904,29.616769,-29.533308,-26.659417,26.309344,40.962548,51.387562,3.744120,-30.547025,-4.527888,45.612652,31.442901
161.164261,32.653993,-51.299154,-51.444003,23.109111,63.123450,62.419369,4.433960,-53.297561,-17.643514,51.839378,37.774572
181.026076,36.186727,-58.327212,-55.992137,19.894399,67.965449,68.045386,3.352660,-64.179829,-14.018585,58.653342,37.263788
200.387084,32.850003,-60.483170,-53.399383,-1.041064,48.875122,70.897941,20.097935,-52.374384,-15.099627,52.916309,33.752043
225.948386,13.288281,-81.520395,-21.691009,14.211610,29.539222,62.698773,29.486476,-25.996188,-14.479777,45.840234,37.529494
131.322729,4.660331,-29.595876,28.346310,27.328452,-16.319766,35.616428,41.858311,-3.247899,1.358033,43.174083,18.392171
79.935730,5.373856,-6.879965,41.680183,32.051605,-15.609948,40.662717,39.144582,0.724564,10.806701,37.295498,9.082563
85.183624,2.643968,-4.261393,45.283522,35.832023,-23.599169,44.419560,48.003902,-3.102634,11.156876,46.168406,-0.289731
90.976899,5.501887,-0.360663,39.611899,29.379525,-14.203353,43.103827,48.521982,8.329312,7.165127,39.094271,8.290365
75.348590,7.352256,11.537299,37.158840,39.340539,-8.447312,42.303292,37.724611,12.101112,11.227202,39.642059,13.092957
71.833394,8.387476,16.221979,37.692524,35.023517,2.616777,33.916165,34.452643,21.845639,10.120770,35.166217,19.869243
91.611694,8.280528,28.402337,52.928133,32.870322,21.213285,38.747289,47.291265,27.936938,18.426166,47.314146,22.250146
68.845196,0.421877,15.625868,40.012263,23.534267,7.827913,31.302832,27.669053,18.798434,10.819670,31.635807,16.869482
91.456165,17.697365,32.325499,55.243104,37.793191,29.203666,44.195801,49.494200,30.890792,26.009973,47.803584,23.965235
97.019586,12.613397,27.464788,51.459555,27.851514,20.630646,43.013560,47.024746,28.871850,29.984817,44.253451,13.153552
95.893506,9.749890,32.818860,59.541937,34.323669,30.308362,39.147867,49.212803,28.028379,24.058760,55.190428,21.156167
95.504150,6.062587,40.478555,57.079921,27.494947,42.516021,38.657179,35.856658,38.296679,30.245950,41.612955,26.692326
102.983588,1.628923,36.055244,65.332129,21.490353,40.856242,41.016321,34.885149,39.344469,26.017828,40.192852,33.163751
90.384930,-6.810713,24.213112,50.705920,11.797766,25.428874,26.897356,26.104676,26.687515,9.418930,31.085568,19.796912
92.044454,0.300175,33.459928,48.652489,23.437689,30.781807,21.171546,34.689966,24.392569,6.910417,35.683818,18.524400
105.324221,17.784928,44.281007,65.060856,36.948499,36.724114,31.668691,44.231657,27.790967,11.021997,39.381056,20.534936
110.078696,19.520618,45.939291,64.181841,39.987237,40.392345,39.592690,48.295337,33.893322,14.842558,41.672361,25.017398
109.732831,15.212138,50.663597,64.939324,37.322276,49.863167,37.645744,51.844907,42.140133,26.952726,49.482852,31.706672
99.883947,10.501343,37.419937,58.619353,23.635042,38.176014,30.074777,41.905097,34.707640,21.514039,38.890160,29.661005
85.485600,0.967561,33.417307,45.661219,22.052396,26.497381,27.489436,29.127169,27.124582,17.937500,29.048638,24.410664
97.884227,4.767182,42.527032,52.383397,21.709326,38.639095,23.008446,40.293041,25.628920,18.634641,42.572552,21.062840
98.237050,-2.236417,31.257077,50.690298,20.298511,29.617233,24.379712,34.474556,25.520759,13.520429,38.000789,27.520744
99.333210,2.998623,30.421381,49.612306,24.944950,27.645430,31.457946,33.878236,29.278307,17.723944,43.517667,27.688484
105.244900,-1.301080,24.135067,51.071637,12.469387,22.998454,20.699588,25.338977,24.892871,8.278110,38.877777,18.846668
96.712668,0.906906,22.379069,49.823835,23.768322,23.807325,22.585462,37.052433,12.673792,15.021557,43.700489,13.468541
95.814835,-0.798289,12.025983,41.931905,27.548103,10.797956,18.139314,37.257910,4.485768,13.341996,42.121557,14.842629
99.978041,1.338025,11.342790,51.578276,25.878626,9.466768,24.769887,27.133638,11.802445,5.771114,38.524386,12.114428
97.304401,11.711250,15.589503,53.677175,32.109280,3.434638,23.827456,30.165841,5.772930,5.656647,37.617219,12.126056
93.653259,3.744214,6.235541,56.133637,33.410142,-2.642255,23.622516,42.513588,5.431551,6.069766,40.525645,13.241520
79.212293,3.389165,-8.003370,34.211310,32.211490,-5.511523,22.939026,26.174689,-4.902171,5.820592,37.222998,7.683108
87.067792,5.635991,-2.638039,38.759363,32.019539,-15.409620,24.076766,25.296465,-15.674977,0.008463,34.205702,-5.733728
91.835185,9.597152,7.603598,41.338411,39.450428,-10.231876,32.797489,26.139905,-6.701431,5.689366,37.750922,0.155331
73.635132,1.181307,-5.528259,30.957266,29.697123,-18.155332,26.999617,24.276649,-11.173389,2.076837,36.556369,2.258603
86.253378,10.783170,-2.742479,38.834957,42.462277,-21.418083,21.865283,27.122935,-9.130368,-5.386329,31.836518,4.377748
83.277593,12.080045,1.605970,40.258833,43.796666,-15.419608,19.825317,34.285276,-5.784479,-5.475644,23.346942,9.673318
99.608148,15.355927,11.756733,45.028346,46.571249,-16.268418,11.503138,35.809444,-1.908645,-10.516707,19.479937,10.669755
106.608425,4.509718,-6.068585,46.506178,46.285179,-20.157350,1.530988,45.819528,4.674702,-15.874850,24.724497,20.918607
127.593841,-5.497656,-20.927320,48.728534,40.252208,-32.747630,-18.376457,47.405477,13.306183,-22.813993,31.579659,29.149527
142.284176,-4.127073,-16.387981,48.940992,42.811240,-24.857419,-25.768335,49.002651,14.899599,-22.075224,27.820354,31.432230
157.566529,11.355839,-5.920570,54.761552,43.957944,-40.812991,-22.626414,43.297581,-0.446794,-22.754200,23.453177,17.074585
167.308704,13.242785,-4.036944,49.078212,50.304517,-30.667642,-26.510452,61.866656,14.410660,-29.119193,21.569610,24.428267
178.843991,25.309244,3.693605,50.802036,39.076512,-32.149596,-24.890021,68.931917,12.120320,-21.479864,32.258471,27.052685
175.562269,36.530177,24.632975,44.157557,31.076764,-12.124503,-14.250427,65.828493,18.956556,-7.619752,38.597086,27.426465
159.044652,56.729336,67.863246,53.039606,39.555371,18.146194,6.971331,57.361932,26.596707,16.556082,42.249203,26.662301
142.238962,52.429061,65.018131,48.191442,31.092961,33.372533,15.146021,49.444813,28.062367,25.943807,49.121358,29.821037
121.321483,54.167965,73.592040,51.011798,42.836089,41.731256,24.297974,41.461152,25.778384,23.378652,24.412223,16.072927
117.594721,42.850404,70.039758,61.945183,46.918757,50.289990,49.743591,33.821403,38.231842,44.748882,29.932607,38.111623
101.982791,42.065129,57.791519,47.401106,39.426868,45.007439,46.047925,21.205384,29.982467,39.362399,25.461923,38.183888
96.699213,41.585087,52.569919,36.869337,37.253934,33.825175,39.609303,12.617541,27.054819,31.539324,27.739227,34.128113
71.099382,23.678445,33.357676,22.565695,33.586222,35.400876,33.907531,14.842635,17.375313,27.058383,15.139245,23.811786
78.057757,28.072947,27.528280,17.022816,41.694829,45.559930,43.274190,16.952554,22.221373,37.650311,25.479783,31.882323
83.379975,16.029125,20.813516,23.737678,32.673087,35.000312,47.538709,9.456689,19.226923,38.426683,18.705222,25.456606
82.343230,19.523461,21.712632,12.115123,30.501603,33.884640,39.606644,5.963543,13.564118,29.550645,18.110087,28.917778
56.189119,7.896030,7.433488,4.188332,9.989865,11.428597,20.285256,-7.179785,7.429937,6.780027,-3.203067,7.397000
55.295695,12.106558,11.968490,13.535017,17.797413,12.464899,19.861746,-8.337482,5.857497,11.940058,-1.131733,-1.171127
60.267644,24.410808,13.431507,26.798763,21.067625,29.470453,27.181097,6.222544,16.205184,23.423915,10.290930,11.362950
48.762568,6.075764,-5.756251,7.929628,8.884811,21.027794,17.025735,-2.267016,-0.079030,16.428454,1.204422,8.617984
48.911585,-1.252823,-10.810459,-6.427770,-0.856847,19.332259,13.447261,-3.793950,-11.111670,12.524498,-3.347042,2.893482
38.477492,10.779685,6.569314,7.622353,10.955505,18.590278,13.505176,7.677351,1.539099,13.175349,4.165657,8.637651
45.311086,7.605174,19.526476,4.404468,10.458329,6.691769,1.538945,6.161048,-5.338318,13.731474,3.738586,11.308826
45.705952,-7.471684,26.022049,0.359733,13.774071,9.728526,1.274525,17.955844,-6.386552,14.420147,0.061520,10.399839
39.057502,-14.873226,23.803728,-4.747372,8.394766,4.854675,-5.818694,12.922130,-10.745247,7.511346,-5.330080,3.471845
52.080319,-11.286002,29.876719,-6.059638,6.715518,-1.779402,-14.909941,11.843731,-15.662722,5.075430,-9.247313,0.988391
108.822397,16.584499,42.843512,-3.628644,-6.690872,-24.459128,-37.865398,2.900330,-24.792967,-0.540697,-1.205117,3.752446
213.728077,55.972731,48.665671,-39.515879,-51.315310,-61.999337,-78.458270,-17.747081,-28.747630,30.929051,42.821489,34.459711
266.714742,81.725966,17.179957,-46.860521,-44.436139,-77.634243,-86.376851,-14.530022,-27.487301,34.565851,51.716154,29.939236
336.316786,122.608422,-5.109100,-60.885968,-34.484281,-69.176296,-106.477971,-47.586169,-33.473746,42.069987,32.934087,2.626317
462.840429,180.645930,-45.727147,-138.507744,-51.508883,-27.458063,-74.759770,-37.040799,-36.456194,14.683967,-6.185847,-29.347345
509.763952,215.690271,-44.619602,-155.970314,-59.810861,-24.231544,-64.188122,-36.707955,-39.699483,4.122812,-17.444048,-37.247665
486.317102,207.550529,-30.233169,-152.706208,-79.046184,-34.301701,-65.937970,-36.455438,-55.289400,-8.657644,-14.608987,-15.202933
469.654436,220.928215,-29.353252,-129.928244,-66.426611,-38.692339,-60.293476,-40.642724,-44.737651,-7.548278,-26.425189,-27.093512
488.242492,238.058496,-44.351777,-132.589220,-69.178708,-56.781102,-63.754321,-39.261809,-33.559411,0.702757,-20.191684,-22.817919
473.958412,224.638637,-60.701989,-126.559163,-57.704124,-52.243797,-62.030071,-19.200196,-22.776089,-8.042403,-19.072881,-16.881391
398.569570,146.359866,-102.105998,-102.419835,-1.003798,-7.778294,-32.958342,-8.675983,-46.529393,-44.068793,-27.957112,-5.395089
230.963335,76.745930,-71.626067,-56.593328,26.298962,44.249796,18.332540,-25.738922,-84.287983,-47.152271,8.325174,8.009752
173.266783,75.633270,-44.489549,-50.039042,18.240977,59.884699,32.603763,-29.060128,-84.130585,-44.540512,18.328656,12.343201
169.582458,95.063572,-11.683937,-29.846635,17.057352,47.580023,32.115402,-24.892596,-68.239119,-40.293856,20.706958,17.827029
111.523147,45.010756,-34.341933,-31.492026,13.826817,30.971438,26.737324,-10.492864,-47.888493,-36.042127,19.536116,23.005843
72.397781,27.048196,-19.054759,-26.555509,6.529852,15.983855,22.859956,0.261301,-27.874493,-33.070364,6.489669,22.249738
59.697262,12.227759,2.780391,-18.375144,7.211244,6.734056,21.089839,3.719302,-20.951983,-21.327088,-3.026949,15.954819
62.683685,17.942205,20.295374,-5.660209,14.647377,12.758429,22.511800,14.583409,-8.320128,-8.633993,-4.473318,10.045308
54.558562,11.719089,9.545655,-17.972445,3.977210,9.117146,16.637055,10.860167,-9.559784,-9.679720,-10.028660,2.191081
45.508937,4.132104,10.122007,-17.853931,-0.851897,9.599593,14.199749,15.782890,-11.611417,-4.867747,-13.933619,5.040214
40.170592,-5.620978,11.825573,-6.879802,3.406354,2.626870,15.706685,7.912303,-5.611891,5.186569,-8.334180,7.949505
35.176335,-3.790071,13.101463,-9.440086,4.170943,4.930282,9.706522,9.797327,-4.839452,1.018434,-4.861880,8.367062
34.692970,-5.397573,17.444628,-3.628294,13.825483,6.615152,10.165282,9.250306,-2.429420,9.725696,1.258271,8.619408
43.941601,0.068541,24.990933,7.728598,17.084806,5.192410,11.866442,5.367868,-2.286420,4.715039,-7.559417,0.789699
38.311200,-7.341122,18.720426,-0.794209,17.329443,1.649455,7.096573,7.215754,-0.194469,7.583441,-4.458655,7.668432
37.837306,-11.685393,18.884022,-0.804197,11.721744,0.865629,4.999488,6.334140,1.512384,6.321577,-7.640204,4.479850
50.729839,-7.195992,27.531270,7.740804,13.404385,9.482334,-2.326552,12.112371,-6.529184,1.313365,-7.047175,-4.817623
51.014755,-10.728745,25.481647,2.459968,15.306775,8.282563,-1.730457,8.078165,-3.084615,2.227262,-2.372944,-4.051624
78.835174,-20.764963,-1.315981,6.336095,28.788250,8.330848,-17.907646,13.713100,7.569723,5.888983,-3.769018,-2.387763
106.630048,-17.062156,-16.499055,12.496573,52.588266,11.534131,-28.239885,17.932690,22.690260,4.076592,-1.466430,-6.912470
129.444931,5.171852,-28.919368,23.786486,83.680686,20.328064,-27.793709,23.838717,40.536451,19.759707,-2.535980,-0.094809
179.768738,17.759355,-29.975401,41.332416,106.750780,21.150051,-20.746671,42.381387,45.675875,27.533309,17.304726,8.315419
191.869796,7.778851,-65.961290,39.446323,109.830805,9.820062,-45.497515,30.247995,34.428634,22.393352,14.672307,-7.753324
201.784862,0.500184,-77.407131,39.072473,113.290365,1.955715,-47.656700,27.875295,20.763349,20.524900,14.285931,-12.856064
200.454279,1.346552,-73.626572,38.713767,113.932375,7.567201,-39.817722,28.160614,17.740632,20.295787,8.380414,-18.720735
208.084890,4.921866,-79.581093,34.722074,111.527143,5.510714,-43.705844,15.901502,3.606499,18.005774,17.211322,-20.624313
243.803493,23.198100,-94.130987,15.158256,126.743479,43.203530,-32.619424,1.022764,-0.187465,34.326445,37.162283,-15.433141
237.344563,12.435256,-96.885884,14.129989,121.090140,33.497284,-43.996290,-1.246443,10.300136,32.286640,24.375391,-24.932522
228.748234,-7.615830,-94.117546,35.223297,106.334013,10.689094,-39.155012,15.688324,1.491379,23.403403,20.634859,-21.683839
225.165624,-9.911716,-95.958844,38.554640,105.240826,9.121809,-46.437317,18.552591,11.290626,19.615393,13.758378,-26.914400
220.182249,3.926382,-71.622222,39.474148,96.656503,-7.263971,-49.375714,29.571385,29.131155,13.148314,9.185767,-11.499287
210.004081,15.456293,-43.056808,59.949974,93.537315,-11.992189,-39.502415,44.496150,31.583918,12.946952,21.788938,-5.076572
215.416852,14.411444,-27.922858,63.791412,104.355823,2.137511,-32.311534,54.274757,32.898024,13.549743,12.631587,-9.682427
200.730885,11.710729,-21.907847,55.908731,85.269379,-4.605014,-32.351841,56.915685,27.640808,8.127009,18.605047,0.359747
203.881632,39.958239,5.512170,89.020028,117.793673,23.356006,-13.503945,83.770595,62.566510,3.091060,24.960867,29.616083
201.327629,20.757582,-19.566744,82.531936,118.659259,12.539083,-23.554251,76.499825,59.768906,-5.916484,12.762391,26.387390
197.356874,40.358177,-1.971145,87.573440,119.626670,7.185091,-16.708505,74.206598,51.176081,-14.457209,14.133860,31.881377
158.611723,19.573908,6.136065,63.326908,83.707555,5.694090,-0.445084,59.219622,35.597117,-5.483049,19.925644,41.279310
129.253744,13.178997,-2.239703,47.978672,70.774623,1.294646,-6.841514,47.640466,28.429944,-17.270334,13.759592,27.831400
146.911465,18.922595,-2.838698,66.416813,78.483815,4.840565,-3.110491,61.567427,28.164841,-16.415744,19.947049,41.244433
151.644922,5.667989,-26.786958,50.701324,76.197209,-12.820025,-16.697395,53.336775,28.003442,-29.368088,10.183013,42.372295
147.375591,1.834060,-23.119424,47.609630,68.947366,-15.956289,-24.418964,56.278926,17.956933,-30.684463,12.699004,29.926806
138.933798,-2.857035,-26.093269,50.817355,70.134057,-17.439086,-19.194390,56.372950,23.552261,-30.991626,17.333876,31.980474
139.545608,3.490823,-11.706076,51.640661,77.133807,-8.218737,-3.236467,63.847986,28.408630,-23.700315,24.282949,42.498664
136.758002,17.386011,-0.463741,53.956949,76.199515,10.420707,0.685530,62.000354,39.212416,-11.048592,18.848807,41.231102
142.008984,16.643058,-12.386478,57.763491,83.892864,2.446689,-4.355609,59.477051,36.951003,-11.855139,22.845587,44.784398
141.848106,22.567743,5.067744,60.987274,75.570275,8.194126,8.288902,77.081177,34.548137,-7.286515,36.709516,53.202229
126.879410,3.573386,-7.143965,38.080466,51.681274,-11.645670,-12.538542,44.497093,12.836099,-23.427276,17.231206,34.637495
132.500491,8.326887,3.948834,45.916957,55.638239,-2.846721,-14.879807,50.174806,5.964613,-22.467554,20.344733,21.100645
152.368268,21.719035,14.236577,52.416640,73.839781,5.265552,-9.313953,54.700468,16.721449,-21.983381,23.226870,31.097109
131.332824,11.059501,13.261754,43.682715,55.778864,6.621812,-10.684745,50.709434,22.438799,-9.460282,35.897605,32.999762
137.308234,-1.240658,-10.209263,43.810563,57.815338,-3.394602,-18.892369,60.022330,5.869049,-24.046080,39.613954,33.294426
134.805034,0.776693,-6.599860,42.670123,59.718095,-6.609314,-24.595791,54.607836,7.125550,-31.516702,19.026587,23.418532
140.769218,-6.698683,-14.626611,40.431357,56.933621,-3.368364,-21.549975,55.554607,9.889470,-30.112709,23.481152,21.581983
143.399490,1.132408,-8.517663,45.864835,63.118386,-4.166820,-24.302631,62.881549,14.723823,-28.226508,17.416519,34.092589
157.225367,2.620314,-13.506076,44.648316,71.706629,-0.097419,-33.791566,54.275067,27.663178,-17.473112,9.212661,36.117979
139.279166,3.361237,-0.613721,41.256985,46.037070,-5.775450,-30.782318,31.546799,17.164804,-15.489285,15.390031,28.986478
174.350431,13.044036,-4.911793,64.078714,84.427919,-2.275553,-23.739051,57.632493,35.164383,-12.042967,12.265267,27.608076
197.791039,25.067106,-14.856094,71.763886,89.380003,-8.879188,-45.380388,54.029558,30.368641,-31.445286,-0.221141,25.560365
182.735538,14.251721,-12.250022,56.334238,85.925617,5.777815,-32.269770,59.565186,44.311340,-11.300806,14.194690,42.850523
171.668811,14.392206,4.415666,53.832093,73.837711,6.500578,-25.917419,47.885656,30.190921,-2.818861,10.822846,33.237107
166.852768,-2.864761,-22.227555,49.224502,72.233321,-9.521203,-42.753285,40.057866,24.772789,-20.639065,-8.295832,29.448536
155.907263,0.283635,-19.273606,52.586067,82.803043,1.837265,-21.525921,53.040428,40.084061,-5.770818,1.361356,32.488749
156.551637,-2.558589,-27.966129,49.204002,64.292168,-9.317347,-30.976580,43.205298,30.645035,-16.335047,-0.391905,26.991548
173.277603,5.851846,-16.476872,59.307404,64.722216,-4.454461,-28.049251,43.002159,45.841380,-7.301343,0.355187,30.530208
185.072997,-3.144351,-35.513842,66.058084,77.922399,-4.614523,-21.932643,59.144706,55.785387,-3.692345,4.090830,38.955060
182.496593,-9.423595,-41.102505,60.245728,67.030377,-13.322606,-31.689233,53.794402,49.148330,-11.351809,-0.432989,30.058680
218.156272,8.988056,-25.271190,57.510391,64.249508,-3.181360,-34.401248,50.687117,53.243652,14.785991,7.374786,19.826630
237.026157,19.933532,-32.909020,74.845475,54.663283,-21.308558,-23.270201,44.072247,74.895739,23.576237,15.800788,39.333813
253.203730,27.284880,-19.558550,84.806547,64.120549,-14.628545,-15.843302,52.189415,67.585041,26.654322,22.091582,38.411274
284.428455,28.581074,-17.261992,87.177505,50.166708,-6.512710,-10.476794,53.327953,63.660535,40.946096,20.882817,16.241362
300.854071,32.797056,-34.023636,71.631172,51.035567,-6.912625,-16.304255,34.624418,67.656127,39.820125,5.918656,15.164387
345.883233,70.664345,-26.828941,71.998385,35.056332,-17.116586,-3.488391,62.077572,86.203302,51.742734,21.169790,19.176672
454.448174,139.171868,-63.305155,-26.472675,-31.628534,-62.550385,-21.615892,65.854532,91.501366,69.501066,25.050151,-1.840236
555.146970,191.777895,-71.426609,-68.029257,-73.518194,-76.203958,-30.050417,53.355158,88.855883,97.395584,60.787567,-0.747850
583.317096,215.294145,-68.085191,-65.760045,-47.512084,-38.919203,-15.386753,47.295279,95.927887,89.303687,56.060286,23.973906
580.280144,225.093410,-42.642190,-69.835269,-49.819737,-41.145366,-17.255915,28.049502,69.634453,80.397525,68.101384,41.815330
602.717214,235.658125,-24.241518,-79.906576,-75.447149,-55.235130,-23.328713,38.213537,58.571726,57.852801,71.946893,59.219848
621.398111,212.487678,-3.355516,-53.505362,-69.532493,-22.065617,1.113742,12.393188,32.828015,51.059046,41.522143,42.048459
757.632339,177.637762,-3.278940,11.194796,-6.128745,-1.988019,6.215726,6.806506,2.754592,9.807794,7.459086,-3.186439
830.604317,200.906884,5.328066,15.584168,-13.200370,-11.299287,-12.226947,-6.497395,-6.578053,-0.217895,-8.541705,-1.527982
871.887019,208.327828,3.257527,-7.365882,-13.194496,-16.060247,-15.765779,-11.208902,-1.184953,-5.207669,-6.145263,0.179169
874.170225,207.320067,3.831147,-6.868688,-12.602042,-15.522578,-15.254448,-11.237720,-0.968585,-5.518837,-6.516514,-0.359437
895.169992,195.736456,-0.689511,5.045259,-6.924590,-2.848311,-10.054573,-5.727787,-2.135120,-3.009056,-9.661774,-2.761644
2110.044000,363.356766,57.475489,75.913665,42.773679,49.963219,36.994086,38.841360,29.742951,27.307592,18.439235,14.338244
27569.870174,0.000000,0.000000,0.000000,-0.000000,0.000000,0.000000,0.000000,-0.000000,0.000000,-0.000000,0.000000
27569.870174,0.000000,0.000000,0.000000,-0.000000,0.000000,0.000000,0.000000,-0.000000,0.000000,-0.000000,0.000000
27569.870174,0.000000,0.000000,0.000000,-0.000000,0.000000,0.000000,0.000000,-0.000000,0.000000,-0.000000,0.000000
27569.870174,0.000000,0.000000,0.000000,-0.000000,0.000000,0.000000,0.000000,-0.000000,0.000000,-0.000000,0.000000
27569.870174,0.000000,0.000000,0.000000,-0.000000,0.000000,0.000000,0.000000,-0.000000,0.000000,-0.000000,0.000000
27569.870174,0.000000,0.000000,0.000000,-0.000000,0.000000,0.000000,0.000000,-0.000000,0.000000,-0.000000,0.000000
27569.870174,0.000000,0.000000,0.000000,-0.000000,0.000000,0.000000,0.000000,-0.000000,0.000000,-0.000000,0.000000
27569.870174,0.000000,0.000000,0.000000,-0.000000,0.000000,0.000000,0.000000,-0.000000,0.000000,-0.000000,0.000000
27569.870174,0.000000,0.000000,0.000000,-0.000000,0.000000,0.000000,0.000000,-0.000000,0.000000,-0.000000,0.000000
27569.870174,0.000000,0.000000,0.000000,-0.000000,0.000000,0.000000,0.000000,-0.000000,0.000000,-0.000000,0.000000
27569.870174,0.000000,0.000000,0.000000,-0.000000,0.000000,0.000000,0.000000,-0.000000,0.000000,-0.000000,0.000000
27569.870174,0.000000,0.000000,0.000000,-0.000000,0.000000,0.000000,0.000000,-0.000000,0.000000,-0.000000,0.000000
27569.870174,0.000000,0.000000,0.000000,-0.000000,0.000000,0.000000,0.000000,-0.000000,0.000000,-0.000000,0.000000
27569.870174,0.000000,0.000000,0.000000,-0.000000,0.000000,0.000000,0.000000,-0.000000,0.000000,-0.000000,0.000000
27569.870174,0.000000,0.000000,0.000000,-0.000000,0.000000,0.000000,0.000000,-0.000000,0.000000,-0.000000,0.000000
27569.870174,0.000000,0.000000,0.000000,-0.000000,0.000000,0.000000,0.000000,-0.000000,0.000000,-0.000000,0.000000
27569.870174,0.000000,0.000000,0.000000,-0.000000,0.000000,0.000000,0.000000,-0.000000,0.000000,-0.000000,0.000000
27569.870174,0.000000,0.000000,0.000000,-0.000000,0.000000,0.000000,0.000000,-0.000000,0.000000,-0.000000,0.000000
27569.870174,0.000000,0.000000,0.000000,-0.000000,0.000000,0.000000,0.000000,-0.000000,0.000000,-0.000000,0.000000
27569.870174,0.000000,0.000000,0.000000,-0.000000,0.000000,0.000000,0.000000,-0.000000,0.000000,-0.000000,0.000000
27569.870174,0.000000,0.000000,0.000000,-0.000000,0.000000,0.000000,0.000000,-0.000000,0.000000,-0.000000,0.000000
27569.870174,0.000000,0.000000,0.000000,-0.000000,0.000000,0.000000,0.000000,-0.000000,0.000000,-0.000000,0.000000
27569.870174,0.000000,0.000000,0.000000,-0.000000,0.000000,0.000000,0.000000,-0.000000,0.000000,-0.000000,0.000000
27569.870174,0.000000,0.000000,0.000000,-0.000000,0.000000,0.000000,0.000000,-0.000000,0.000000,-0.000000,0.000000
27569.870174,0.000000,0.000000,0.000000,-0.000000,0.000000,0.000000,0.000000,-0.000000,0.000000,-0.000000,0.000000
27569.870174,0.000000,0.000000,0.000000,-0.000000,0.000000,0.000000,0.000000,-0.000000,0.000000,-0.000000,0.000000
27569.870174,0.000000,0.000000,0.000000,-0.000000,0.000000,0.000000,0.000000,-0.000000,0.000000,-0.000000,0.000000
27569.870174,0.000000,0.000000,0.000000,-0.000000,0.000000,0.000000,0.000000,-0.000000,0.000000,-0.000000,0.000000
27569.870174,0.000000,0.000000,0.000000,-0.000000,0.000000,0.000000,0.000000,-0.000000,0.000000,-0.000000,0.000000
27569.870174,0.000000,0.000000,0.000000,-0.000000,0.000000,0.000000,0.000000,-0.000000,0.000000,-0.000000,0.000000
27569.870174,0.000000,0.000000,0.000000,-0.000000,0.000000,0.000000,0.000000,-0.000000,0.000000,-0.000000,0.000000
27569.870174,0.000000,0.000000,0.000000,-0.000000,0.000000,0.000000,0.000000,-0.000000,0.000000,-0.000000,0.000000
27569.870174,0.000000,0.000000,0.000000,-0.000000,0.000000,0.000000,0.000000,-0.000000,0.000000,-0.000000,0.000000
27569.870174,0.000000,0.000000,0.000000,-0.000000,0.000000,0.000000,0.000000,-0.000000,0.000000,-0.000000,0.000000
27569.870174,0.000000,0.000000,0.000000,-0.000000,0.000000,0.000000,0.000000,-0.000000,0.000000,-0.000000,0.000000
27569.870174,0.000000,0.000000,0.000000,-0.000000,0.000000,0.000000,0.000000,-0.000000,0.000000,-0.000000,0.000000
27569.870174,0.000000,0.000000,0.000000,-0.000000,0.000000,0.000000,0.000000,-0.000000,0.000000,-0.000000,0.000000
27569.870174,0.000000,0.000000,0.000000,-0.000000,0.000000,0.000000,0.000000,-0.000000,0.000000,-0.000000,0.000000
27569.870174,0.000000,0.000000,0.000000,-0.000000,0.000000,0.000000,0.000000,-0.000000,0.000000,-0.000000,0.000000
27569.870174,0.000000,0.000000,0.000000,-0.000000,0.000000,0.000000,0.000000,-0.000000,0.000000,-0.000000,0.000000
27569.870174,0.000000,0.000000,0.000000,-0.000000,0.000000,0.000000,0.000000,-0.000000,0.000000,-0.000000,0.000000
27569.870174,0.000000,0.000000,0.000000,-0.000000,0.000000,0.000000,0.000000,-0.000000,0.000000,-0.000000,0.000000
27569.870174,0.000000,0.000000,0.000000,-0.000000,0.000000,0.000000,0.000000,-0.000000,0.000000,-0.000000,0.000000
27569.870174,0.000000,0.000000,0.000000,-0.000000,0.000000,0.000000,0.000000,-0.000000,0.000000,-0.000000,0.000000
27569.870174,0.000000,0.000000,0.000000,-0.000000,0.000000,0.000000,0.000000,-0.000000,0.000000,-0.000000,0.000000
27569.870174,0.000000,0.000000,0.000000,-0.000000,0.000000,0.000000,0.000000,-0.000000,0.000000,-0.000000,0.000000
27569.870174,0.000000,0.000000,0.000000,-0.000000,0.000000,0.000000,0.000000,-0.000000,0.000000,-0.000000,0.000000
27569.870174,0.000000,0.000000,0.000000,-0.000000,0.000000,0.000000,0.000000,-0.000000,0.000000,-0.000000,0.000000
27569.870174,0.000000,0.000000,0.000000,-0.000000,0.000000,0.000000,0.000000,-0.000000,0.000000,-0.000000,0.000000
27569.870174,0.000000,0.000000,0.000000,-0.000000,0.000000,0.000000,0.000000,-0.000000,0.000000,-0.000000,0.000000
27569.870174,0.000000,0.000000,0.000000,-0.000000,0.000000,0.000000,0.000000,-0.000000,0.000000,-0.000000,0.000000
27569.870174,0.000000,0.000000,0.000000,-0.000000,0.000000,0.000000,0.000000,-0.000000,0.000000,-0.000000,0.000000
27569.870174,0.000000,0.000000,0.000000,-0.000000,0.000000,0.000000,0.000000,-0.000000,0.000000,-0.000000,0.000000
27569.870174,0.000000,0.000000,0.000000,-0.000000,0.000000,0.000000,0.000000,-0.000000,0.000000,-0.000000,0.000000
27569.870174,0.000000,0.000000,0.000000,-0.000000,0.000000,0.000000,0.000000,-0.000000,0.000000,-0.000000,0.000000
27569.870174,0.000000,0.000000,0.000000,-0.000000,0.000000,0.000000,0.000000,-0.000000,0.000000,-0.000000,0.000000
27569.870174,0.000000,0.000000,0.000000,-0.000000,0.000000,0.000000,0.000000,-0.000000,0.000000,-0.000000,0.000000
27569.870174,0.000000,0.000000,0.000000,-0.000000,0.000000,0.000000,0.000000,-0.000000,0.000000,-0.000000,0.000000
27569.870174,0.000000,0.000000,0.000000,-0.000000,0.000000,0.000000,0.000000,-0.000000,0.000000,-0.000000,0.000000
27569.870174,0.000000,0.000000,0.000000,-0.000000,0.000000,0.000000,0.000000,-0.000000,0.000000,-0.000000,0.000000
27569.870174,0.000000,0.000000,0.000000,-0.000000,0.000000,0.000000,0.000000,-0.000000,0.000000,-0.000000,0.000000
27569.870174,0.000000,0.000000,0.000000,-0.000000,0.000000,0.000000,0.000000,-0.000000,0.000000,-0.000000,0.000000
27569.870174,0.000000,0.000000,0.000000,-0.000000,0.000000,0.000000,0.000000,-0.000000,0.000000,-0.000000,0.000000
27569.870174,0.000000,0.000000,0.000000,-0.000000,0.000000,0.000000,0.000000,-0.000000,0.000000,-0.000000,0.000000
27569.870174,0.000000,0.000000,0.000000,-0.000000,0.000000,0.000000,0.000000,-0.000000,0.000000,-0.000000,0.000000
27569.870174,0.000000,0.000000,0.000000,-0.000000,0.000000,0.000000,0.000000,-0.000000,0.000000,-0.000000,0.000000
27569.870174,0.000000,0.000000,0.000000,-0.000000,0.000000,0.000000,0.000000,-0.000000,0.000000,-0.000000,0.000000
27569.870174,0.000000,0.000000,0.000000,-0.000000,0.000000,0.000000,0.000000,-0.000000,0.000000,-0.000000,0.000000
27569.870174,0.000000,0.000000,0.000000,-0.000000,0.000000,0.000000,0.000000,-0.000000,0.000000,-0.000000,0.000000
27569.870174,0.000000,0.000000,0.000000,-0.000000,0.000000,0.000000,0.000000,-0.000000,0.000000,-0.000000,0.000000
27569.870174,0.000000,0.000000,0.000000,-0.000000,0.000000,0.000000,0.000000,-0.000000,0.000000,-0.000000,0.000000
27569.870174,0.000000,0.000000,0.000000,-0.000000,0.000000,0.000000,0.000000,-0.000000,0.000000,-0.000000,0.000000
27569.870174,0.000000,0.000000,0.000000,-0.000000,0.000000,0.000000,0.000000,-0.000000,0.000000,-0.000000,0.000000
27569.870174,0.000000,0.000000,0.000000,-0.000000,0.000000,0.000000,0.000000,-0.000000,0.000000,-0.000000,0.000000
27569.870174,0.000000,0.000000,0.000000,-0.000000,0.000000,0.000000,0.000000,-0.000000,0.000000,-0.000000,0.000000
27569.870174,0.000000,0.000000,0.000000,-0.000000,0.000000,0.000000,0.000000,-0.000000,0.000000,-0.000000,0.000000
27569.870174,0.000000,0.000000,0.000000,-0.000000,0.000000,0.000000,0.000000,-0.000000,0.000000,-0.000000,0.000000
27569.870174,0.000000,0.000000,0.000000,-0.000000,0.000000,0.000000,0.000000,-0.000000,0.000000,-0.000000,0.000000
27569.870174,0.000000,0.000000,0.000000,-0.000000,0.000000,0.000000,0.000000,-0.000000,0.000000,-0.000000,0.000000
27569.870174,0.000000,0.000000,0.000000,-0.000000,0.000000,0.000000,0.000000,-0.000000,0.000000,-0.000000,0.000000
27569.870174,0.000000,0.000000,0.000000,-0.000000,0.000000,0.000000,0.000000,-0.000000,0.000000,-0.000000,0.000000
27569.870174,0.000000,0.000000,0.000000,-0.000000,0.000000,0.000000,0.000000,-0.000000,0.000000,-0.000000,0.000000
27569.870174,0.000000,0.000000,0.000000,-0.000000,0.000000,0.000000,0.000000,-0.000000,0.000000,-0.000000,0.000000
27569.870174,0.000000,0.000000,0.000000,-0.000000,0.000000,0.000000,0.000000,-0.000000,0.000000,-0.000000,0.000000
27569.870174,0.000000,0.000000,0.000000,-0.000000,0.000000,0.000000,0.000000,-0.000000,0.000000,-0.000000,0.000000
27569.870174,0.000000,0.000000,0.000000,-0.000000,0.000000,0.000000,0.000000,-0.000000,0.000000,-0.000000,0.000000
27569.870174,0.000000,0.000000,0.000000,-0.000000,0.000000,0.000000,0.000000,-0.000000,0.000000,-0.000000,0.000000
27569.870174,0.000000,0.000000,0.000000,-0.000000,0.000000,0.000000,0.000000,-0.000000,0.000000,-0.000000,0.000000
27569.870174,0.000000,0.000000,0.000000,-0.000000,0.000000,0.000000,0.000000,-0.000000,0.000000,-0.000000,0.000000
27569.870174,0.000000,0.000000,0.000000,-0.000000,0.000000,0.000000,0.000000,-0.000000,0.000000,-0.000000,0.000000
27569.870174,0.000000,0.000000,0.000000,-0.000000,0.000000,0.000000,0.000000,-0.000000,0.000000,-0.000000,0.000000
27569.870174,0.000000,0.000000,0.000000,-0.000000,0.000000,0.000000,0.000000,-0.000000,0.000000,-0.000000,0.000000
27569.870174,0.000000,0.000000,0.000000,-0.000000,0.000000,0.000000,0.000000,-0.000000,0.000000,-0.000000,0.000000
27569.870174,0.000000,0.000000,0.000000,-0.000000,0.000000,0.000000,0.000000,-0.000000,0.000000,-0.000000,0.000000
27569.870174,0.000000,0.000000,0.000000,-0.000000,0.000000,0.000000,0.000000,-0.000000,0.000000,-0.000000,0.000000
27569.870174,0.000000,0.000000,0.000000,-0.000000,0.000000,0.000000,0.000000,-0.000000,0.000000,-0.000000,0.000000
27569.870174,0.000000,0.000000,0.000000,-0.000000,0.000000,0.000000,0.000000,-0.000000,0.000000,-0.000000,0.000000
27569.870174,0.000000,0.000000,0.000000,-0.000000,0.000000,0.000000,0.000000,-0.000000,0.000000,-0.000000,0.000000
27569.870174,0.000000,0.000000,0.000000,-0.000000,0.000000,0.000000,0.000000,-0.000000,0.000000,-0.000000,0.000000
27569.870174,0.000000,0.000000,0.000000,-0.000000,0.000000,0.000000,0.000000,-0.000000,0.000000,-0.000000,0.000000
27569.870174,0.000000,0.000000,0.000000,-0.000000,0.000000,0.000000,0.000000,-0.000000,0.000000,-0.000000,0.000000
27569.870174,0.000000,0.000000,0.000000,-0.000000,0.000000,0.000000,0.000000,-0.000000,0.000000,-0.000000,0.000000
27569.870174,0.000000,0.000000,0.000000,-0.000000,0.000000,0.000000,0.000000,-0.000000,0.000000,-0.000000,0.000000
27569.870174,0.000000,0.000000,0.000000,-0.000000,0.000000,0.000000,0.000000,-0.000000,0.000000,-0.000000,0.000000
27569.870174,0.000000,0.000000,0.000000,-0.000000,0.000000,0.000000,0.000000,-0.000000,0.000000,-0.000000,0.000000
27569.870174,0.000000,0.000000,0.000000,-0.000000,0.000000,0.000000,0.000000,-0.000000,0.000000,-0.000000,0.000000
27569.870174,0.000000,0.000000,0.000000,-0.000000,0.000000,0.000000,0.000000,-0.000000,0.000000,-0.000000,0.000000
27569.870174,0.000000,0.000000,0.000000,-0.000000,0.000000,0.000000,0.000000,-0.000000,0.000000,-0.000000,0.000000
27569.870174,0.000000,0.000000,0.000000,-0.000000,0.000000,0.000000,0.000000,-0.000000,0.000000,-0.000000,0.000000
27569.870174,0.000000,0.000000,0.000000,-0.000000,0.000000,0.000000,0.000000,-0.000000,0.000000,-0.000000,0.000000
27569.870174,0.000000,0.000000,0.000000,-0.000000,0.000000,0.000000,0.000000,-0.000000,0.000000,-0.000000,0.000000
27569.870174,0.000000,0.000000,0.000000,-0.000000,0.000000,0.000000,0.000000,-0.000000,0.000000,-0.000000,0.000000
27569.870174,0.000000,0.000000,0.000000,-0.000000,0.000000,0.000000,0.000000,-0.000000,0.000000,-0.000000,0.000000
27569.870174,0.000000,0.000000,0.000000,-0.000000,0.000000,0.000000,0.000000,-0.000000,0.000000,-0.000000,0.000000
27569.870174,0.000000,0.000000,0.000000,-0.000000,0.000000,0.000000,0.000000,-0.000000,0.000000,-0.000000,0.000000
27569.870174,0.000000,0.000000,0.000000,-0.000000,0.000000,0.000000,0.000000,-0.000000,0.000000,-0.000000,0.000000
27569.870174,0.000000,0.000000,0.000000,-0.000000,0.000000,0.000000,0.000000,-0.000000,0.000000,-0.000000,0.000000
27569.870174,0.000000,0.000000,0.000000,-0.000000,0.000000,0.000000,0.000000,-0.000000,0.000000,-0.000000,0.000000
27569.870174,0.000000,0.000000,0.000000,-0.000000,0.000000,0.000000,0.000000,-0.000000,0.000000,-0.000000,0.000000
27569.870174,0.000000,0.000000,0.000000,-0.000000,0.000000,0.000000,0.000000,-0.000000,0.000000,-0.000000,0.000000
27569.870174,0.000000,0.000000,0.000000,-0.000000,0.000000,0.000000,0.000000,-0.000000,0.000000,-0.000000,0.000000
27569.870174,0.000000,0.000000,0.000000,-0.000000,0.000000,0.000000,0.000000,-0.000000,0.000000,-0.000000,0.000000
27569.870174,0.000000,0.000000,0.000000,-0.000000,0.000000,0.000000,0.000000,-0.000000,0.000000,-0.000000,0.000000
27569.870174,0.000000,0.000000,0.000000,-0.000000,0.000000,0.000000,0.000000,-0.000000,0.000000,-0.000000,0.000000
27569.870174,0.000000,0.000000,0.000000,-0.000000,0.000000,0.000000,0.000000,-0.000000,0.000000,-0.000000,0.000000
27569.870174,0.000000,0.000000,0.000000,-0.000000,0.000000,0.000000,0.000000,-0.000000,0.000000,-0.000000,0.000000
27569.870174,0.000000,0.000000,0.000000,-0.000000,0.000000,0.000000,0.000000,-0.000000,0.000000,-0.000000,0.000000
27569.870174,0.000000,0.000000,0.000000,-0.000000,0.000000,0.000000,0.000000,-0.000000,0.000000,-0.000000,0.000000
27569.870174,0.000000,0.000000,0.000000,-0.000000,0.000000,0.000000,0.000000,-0.000000,0.000000,-0.000000,0.000000
27569.870174,0.000000,0.000000,0.000000,-0.000000,0.000000,0.000000,0.000000,-0.000000,0.000000,-0.000000,0.000000
27569.870174,0.000000,0.000000,0.000000,-0.000000,0.000000,0.000000,0.000000,-0.000000,0.000000,-0.000000,0.000000
27569.870174,0.000000,0.000000,0.000000,-0.000000,0.000000,0.000000,0.000000,-0.000000,0.000000,-0.000000,0.000000
27569.870174,0.000000,0.000000,0.000000,-0.000000,0.000000,0.000000,0.000000,-0.000000,0.000000,-0.000000,0.000000
27569.870174,0.000000,0.000000,0.000000,-0.000000,0.000000,0.000000,0.000000,-0.000000,0.000000,-0.000000,0.000000
27569.870174,0.000000,0.000000,0.000000,-0.000000,0.000000,0.000000,0.000000,-0.000000,0.000000,-0.000000,0.000000
27569.870174,0.000000,0.000000,0.000000,-0.000000,0.000000,0.000000,0.000000,-0.000000,0.000000,-0.000000,0.000000
27569.870174,0.000000,0.000000,0.000000,-0.000000,0.000000,0.000000,0.000000,-0.000000,0.000000,-0.000000,0.000000
27569.870174,0.000000,0.000000,0.000000,-0.000000,0.000000,0.000000,0.000000,-0.000000,0.000000,-0.000000,0.000000
27569.870174,0.000000,0.000000,0.000000,-0.000000,0.000000,0.000000,0.000000,-0.000000,0.000000,-0.000000,0.000000
27569.870174,0.000000,0.000000,0.000000,-0.000000,0.000000,0.000000,0.000000,-0.000000,0.000000,-0.000000,0.000000
27569.870174,0.000000,0.000000,0.000000,-0.000000,0.000000,0.000000,0.000000,-0.000000,0.000000,-0.000000,0.000000
27569.870174,0.000000,0.000000,0.000000,-0.000000,0.000000,0.000000,0.000000,-0.000000,0.000000,-0.000000,0.000000
27569.870174,0.000000,0.000000,0.000000,-0.000000,0.000000,0.000000,0.000000,-0.000000,0.000000,-0.000000,0.000000
27569.870174,0.000000,0.000000,0.000000,-0.000000,0.000000,0.000000,0.000000,-0.000000,0.000000,-0.000000,0.000000
27569.870174,0.000000,0.000000,0.000000,-0.000000,0.000000,0.000000,0.000000,-0.000000,0.000000,-0.000000,0.000000
27569.870174,0.000000,0.000000,0.000000,-0.000000,0.000000,0.000000,0.000000,-0.000000,0.000000,-0.000000,0.000000
27569.870174,0.000000,0.000000,0.000000,-0.000000,0.000000,0.000000,0.000000,-0.000000,0.000000,-0.000000,0.000000
27569.870174,0.000000,0.000000,0.000000,-0.000000,0.000000,0.000000,0.000000,-0.000000,0.000000,-0.000000,0.000000
27569.870174,0.000000,0.000000,0.000000,-0.000000,0.000000,0.000000,0.000000,-0.000000,0.000000,-0.000000,0.000000
27569.870174,0.000000,0.000000,0.000000,-0.000000,0.000000,0.000000,0.000000,-0.000000,0.000000,-0.000000,0.000000
27569.870174,0.000000,0.000000,0.000000,-0.000000,0.000000,0.000000,0.000000,-0.000000,0.000000,-0.000000,0.000000
27569.870174,0.000000,0.000000,0.000000,-0.000000,0.000000,0.000000,0.000000,-0.000000,0.000000,-0.000000,0.000000
27569.870174,0.000000,0.000000,0.000000,-0.000000,0.000000,0.000000,0.000000,-0.000000,0.000000,-0.000000,0.000000
27569.870174,0.000000,0.000000,0.000000,-0.000000,0.000000,0.000000,0.000000,-0.000000,0.000000,-0.000000,0.000000
27569.870174,0.000000,0.000000,0.000000,-0.000000,0.000000,0.000000,0.000000,-0.000000,0.000000,-0.000000,0.000000
27569.870174,0.000000,0.000000,0.000000,-0.000000,0.000000,0.000000,0.000000,-0.000000,0.000000,-0.000000,0.000000
27569.870174,0.000000,0.000000,0.000000,-0.000000,0.000000,0.000000,0.000000,-0.000000,0.000000,-0.000000,0.000000
27569.870174,0.000000,0.000000,0.000000,-0.000000,0.000000,0.000000,0.000000,-0.000000,0.000000,-0.000000,0.000000
27569.870174,0.000000,0.000000,0.000000,-0.000000,0.000000,0.000000,0.000000,-0.000000,0.000000,-0.000000,0.000000
27569.870174,0.000000,0.000000,0.000000,-0.000000,0.000000,0.000000,0.000000,-0.000000,0.000000,-0.000000,0.000000
27569.870174,0.000000,0.000000,0.000000,-0.000000,0.000000,0.000000,0.000000,-0.000000,0.000000,-0.000000,0.000000
27569.870174,0.000000,0.000000,0.000000,-0.000000,0.000000,0.000000,0.000000,-0.000000,0.000000,-0.000000,0.000000
27569.870174,0.000000,0.000000,0.000000,-0.000000,0.000000,0.000000,0.000000,-0.000000,0.000000,-0.000000,0.000000
27569.870174,0.000000,0.000000,0.000000,-0.000000,0.000000,0.000000,0.000000,-0.000000,0.000000,-0.000000,0.000000
27569.870174,0.000000,0.000000,0.000000,-0.000000,0.000000,0.000000,0.000000,-0.000000,0.000000,-0.000000,0.000000
27569.870174,0.000000,0.000000,0.000000,-0.000000,0.000000,0.000000,0.000000,-0.000000,0.000000,-0.000000,0.000000
27569.870174,0.000000,0.000000,0.000000,-0.000000,0.000000,0.000000,0.000000,-0.000000,0.000000,-0.000000,0.000000
27569.870174,0.000000,0.000000,0.000000,-0.000000,0.000000,0.000000,0.000000,-0.000000,0.000000,-0.000000,0.000000
27569.870174,0.000000,0.000000,0.000000,-0.000000,0.000000,0.000000,0.000000,-0.000000,0.000000,-0.000000,0.000000
27569.870174,0.000000,0.000000,0.000000,-0.000000,0.000000,0.000000,0.000000,-0.000000,0.000000,-0.000000,0.000000
1803.982033,479.230416,122.309183,43.817261,-104.363738,-86.772219,20.272885,54.718577,-11.864133,-26.738501,-17.964904,23.138158
768.165544,345.487426,102.874192,35.780767,-49.936054,-61.300433,-2.674521,15.729719,-22.947371,-25.397041,-9.343161,29.713109
623.418745,301.752845,81.488248,41.048629,9.841487,-4.701917,19.175164,32.263019,-6.973198,-17.050759,3.622329,35.933608
593.170054,316.507168,92.714439,11.843963,-46.690735,-54.779209,13.931319,60.706139,5.291510,-14.433779,38.380507,81.864639
407.619244,195.053606,55.349143,41.335859,29.511974,-9.524151,40.816007,77.524681,-8.069422,-20.728050,35.374935,69.885718
242.956334,72.422327,14.929224,69.377066,72.434930,0.192170,35.832108,78.399216,15.152127,-2.943686,26.948242,42.867966
172.049999,35.216085,17.783411,84.145548,88.024785,-3.296325,30.957198,82.616280,20.063674,9.438733,45.127963,47.769250
143.810903,27.158965,23.391574,58.089609,63.586728,-7.895093,18.476265,71.416660,8.337854,10.431271,42.339904,45.614517
117.996388,24.354086,29.065532,58.272727,63.604992,0.265415,22.519130,57.513694,8.438352,10.446193,38.399835,33.659620
114.528833,25.280587,39.775659,56.427276,68.516268,10.964736,31.786683,60.808999,10.765846,15.930731,34.669160,30.820625
91.554754,18.554444,33.623265,48.958259,51.502471,12.537639,31.780965,55.374077,10.788668,21.973151,40.174520,26.528635
83.202251,14.463224,24.649496,38.555535,45.613096,5.902010,28.687821,44.914487,9.209800,22.283412,36.717320,25.536396
84.874473,14.971746,28.276368,33.753701,46.799854,5.373721,21.210477,40.069977,12.016922,19.356429,35.218119,29.606907
85.527438,14.341877,30.956469,42.466456,53.480391,11.856716,28.470093,54.242390,14.803450,23.289802,37.007145,33.056376
82.459730,14.946169,35.557048,38.631802,47.948414,18.012270,32.197937,50.666364,13.292236,30.525022,38.406120,29.555756
91.606485,18.027977,44.427128,45.639078,48.061379,19.446379,31.872183,54.773064,10.993060,34.277036,40.832786,31.545572
84.597396,20.977138,38.548135,44.235926,45.337335,18.379455,30.201384,43.852352,14.305180,26.401821,37.958306,31.489802
93.720297,26.624615,35.973956,47.558707,49.695013,18.578589,33.940177,46.993094,15.248433,31.699206,43.418814,35.831200
84.279445,16.924472,29.577389,38.006724,45.262341,5.237402,25.059934,39.291106,6.674629,19.552552,33.153602,25.618031
75.827119,12.997716,26.955602,39.771431,38.394636,1.846838,27.898243,41.123990,3.244674,17.567834,34.926073,18.290277
67.205021,9.493230,30.680001,26.583504,35.150524,6.364896,25.708487,29.862637,5.737635,16.918307,24.293663,18.696092
71.833334,8.416921,30.631087,30.683548,37.011962,9.181427,24.685694,34.989342,4.866500,15.941082,18.595023,20.055921
87.781487,19.094342,41.420338,47.526639,49.749356,17.713595,32.515398,49.874910,6.440002,24.191865,25.244351,25.493678
67.109088,-0.101030,22.535016,20.327902,31.545519,1.706073,14.111922,26.979478,-2.369953,16.438299,13.158735,11.491191
61.658404,9.641820,23.871443,27.631497,35.855011,8.164893,24.334013,34.841843,4.552315,14.937107,23.824541,17.430539
69.674346,11.821428,22.074416,31.970228,36.231069,2.760533,25.655971,37.264272,4.322013,12.650709,28.563331,16.660646
75.784987,11.246387,24.775130,35.890628,36.379386,2.428184,20.545936,36.464039,1.452532,9.974814,22.739377,13.953728
82.906182,21.390078,28.734446,41.384259,45.638800,-1.008828,19.504950,38.965554,-1.029329,2.425584,23.020684,14.986018
111.883825,32.663196,34.117364,39.120019,51.737280,6.611074,32.195066,56.737226,4.916060,6.839953,30.899160,30.248097
125.239563,21.640736,10.887911,29.863996,58.884478,2.836936,21.872828,52.198739,-6.167637,-5.724823,29.840714,33.774009
136.278836,32.434657,-9.510938,10.925906,46.097885,2.693892,19.050091,37.912998,-18.785003,-12.631557,38.208858,37.912468
160.916695,51.554526,-2.347127,21.672586,55.289681,11.894476,40.564013,47.928411,-17.920034,-18.634063,46.744080,47.823326
243.927649,98.378784,0.137796,27.487324,61.658072,38.170072,69.733381,37.002291,-27.774815,-10.640212,57.358944,58.629866
405.196808,160.918634,-56.216429,-23.217964,40.984806,66.321486,104.264815,36.720857,-15.933243,-14.950566,3.496643,25.213967
339.561253,179.751918,-45.791909,-60.456415,51.256493,93.264968,65.610533,26.572860,4.574557,-6.689957,-9.789086,-3.561302
381.978201,215.018119,-38.728358,-101.241071,9.839708,93.944078,58.009870,6.380647,-18.122135,-14.655415,-19.040105,-23.220307
457.971976,282.880750,16.173767,-80.602143,-16.165874,30.724437,-3.502301,-27.729702,-26.096425,-17.235813,-25.574968,-24.819492
553.498620,362.364249,37.423338,-104.697980,-61.150134,-16.356370,-35.300839,-36.943865,-2.540344,28.090660,30.307067,19.401336
478.238965,307.779861,35.290545,-122.376701,-102.888881,-34.274582,-42.166242,-26.734546,0.761798,37.895945,37.708155,12.440604
436.548733,268.262270,42.188360,-98.728216,-72.895312,16.024390,13.887155,17.622220,12.207918,24.355957,21.696010,12.948843
344.001159,174.188358,-46.194202,-144.564268,-52.946742,79.630702,82.006686,49.406998,-9.337793,-23.984098,-2.850720,12.503263
298.865365,155.283576,-42.290028,-131.959076,-47.600484,74.203755,83.388239,48.479775,-5.451025,-15.683838,-5.188214,6.551011
268.470920,125.198680,-52.710841,-137.279610,-54.498202,86.940485,99.557952,63.204561,-4.060390,-32.150513,-15.919201,2.079073
270.981064,122.738027,-53.140988,-114.952276,-27.868715,98.720322,99.938748,64.587708,-8.722858,-35.472670,-9.219069,14.043249
266.326109,117.646529,-54.797020,-124.922079,-39.442080,83.308154,72.802363,44.407247,-4.450794,-9.628467,-0.167012,2.996261
273.642392,114.327101,-76.647087,-154.634286,-59.049021,79.231242,84.116734,55.231961,0.373551,-18.135970,-5.493991,6.399839
256.098032,111.500228,-62.819783,-135.076184,-49.234685,74.923027,73.332873,51.692166,10.697580,-2.456234,-3.039785,-3.212157
282.421311,131.660927,-76.080589,-143.867503,-34.735408,96.228698,86.315336,44.798035,2.778004,-4.551129,-5.674422,-0.387534
289.372523,138.062539,-80.962942,-107.869855,24.780268,107.485778,66.323129,26.574036,25.858992,15.991711,1.128651,0.594027
317.998937,158.229618,-81.339397,-116.464719,35.936546,137.733531,85.193429,17.284845,13.973368,28.364145,14.200446,-9.549393
258.996303,122.952211,-57.878024,-57.513661,58.718864,94.750514,37.644985,3.996305,40.959017,48.336657,-1.275540,-20.715158
230.464695,72.856834,-63.630268,-13.505845,79.566883,69.142132,38.407841,37.446850,64.933025,53.660437,4.373546,-8.578599
222.500400,26.517073,-43.660497,36.915520,61.804568,43.128765,36.335319,46.704009,67.759334,42.701152,2.685183,27.402663
130.204468,15.757156,3.677973,47.545644,43.612489,0.974947,45.095312,54.276573,33.072520,26.982470,26.817704,24.301409
87.999466,34.753746,37.149603,44.259311,45.205754,11.853054,41.570111,37.632002,25.600706,27.838078,32.539859,26.421317
80.626074,45.377530,46.361672,48.478056,54.469129,31.356889,52.462605,48.514602,41.479245,37.021086,41.234459,30.603777
85.479275,48.019416,38.823943,44.855089,53.718601,33.581377,50.283059,45.085818,40.170865,34.669708,34.676192,22.712812
85.792756,54.546295,47.642416,58.650977,60.831676,35.358790,51.949124,51.828280,40.226376,34.063783,40.231936,28.647724
79.219062,48.418147,45.710491,49.205749,53.586280,23.966737,40.434916,43.190817,37.909488,29.052031,44.892004,37.402280
89.993726,45.138432,29.418992,43.302954,55.449581,14.959588,29.704155,50.592599,47.123377,25.489029,40.094171,45.211478
98.886911,46.956759,25.369870,39.959553,59.273039,20.045502,35.415685,52.135074,48.583506,22.092325,35.619056,42.332982
69.093109,32.672712,27.599332,34.939935,44.719073,19.981341,35.546152,37.285339,39.022851,25.739773,29.108152,26.017287
59.882339,31.582825,29.730767,33.385041,40.523074,20.757065,37.551437,37.506265,34.106854,26.302332,30.931175,23.434194
74.465190,35.478046,28.952634,40.385054,46.778354,20.522787,42.861859,43.368692,35.006981,29.616806,33.685526,24.014431
76.145042,30.295921,16.028343,25.251276,39.192017,11.659541,29.079569,33.312582,27.243729,20.774362,27.852929,21.322812
49.338713,16.779439,16.189725,20.238396,27.094143,5.154884,24.738691,22.113914,18.417836,14.943383,19.963448,10.894295
42.648417,18.225878,11.695198,27.102990,22.494118,7.283544,22.037519,24.835561,10.962880,14.096353,19.059045,6.921475
76.966234,28.892973,9.379969,39.621083,28.435978,5.772872,28.475333,34.476802,7.427806,18.820641,23.693346,9.080257
155.625040,44.525306,-11.268846,58.554044,26.477288,-9.688980,38.254577,43.015926,19.483009,30.472097,25.389575,10.794283
141.537868,32.180753,-26.687199,49.993966,27.256506,-20.146362,31.474372,41.364482,-2.010663,10.975499,24.523074,0.229743
176.427222,40.136908,-30.047856,42.552324,16.771761,-18.203878,31.993358,32.053800,-25.063384,4.254058,11.807462,-5.969174
334.101545,125.816185,-33.550778,-2.456882,11.899297,-8.121877,21.944100,20.971012,-45.048449,-23.357073,-5.153205,-0.901365
556.325800,279.972541,-31.371358,-118.012292,-78.772731,-20.518054,22.206427,17.000748,-25.082834,12.699508,6.445191,-10.339555
556.462404,312.704026,18.856569,-84.511703,-58.037361,13.960371,47.388953,18.589239,-7.058132,37.062242,17.163505,-23.167103
551.962065,324.025103,59.790325,-67.141873,-55.666567,25.525739,55.857830,32.586551,-3.246648,55.621353,48.706798,-7.890991
454.829669,242.547821,30.581354,-45.115590,11.711162,113.217002,125.696029,81.307423,3.551858,35.849714,24.012509,-22.355468
346.103640,170.796220,22.107823,-35.706485,18.694494,114.312678,120.054399,80.590577,4.328284,22.809121,5.719439,-8.804139
320.460790,154.770572,2.137409,-71.608037,2.083839,108.290517,110.153773,60.356200,-15.901625,-1.822461,-9.393274,2.646082
308.632692,148.216464,-29.627668,-110.295622,-16.042260,122.735506,128.666086,63.417575,-23.470431,-16.502178,1.692918,12.462706
298.379630,149.535834,-11.625976,-84.632643,-16.916906,98.652757,105.026962,51.135478,-15.584925,-8.744477,-9.152721,-0.593988
321.061814,152.275183,-26.463373,-104.948145,-31.841318,116.672848,129.082723,64.943243,-8.974397,-9.759648,-6.780071,6.111355
322.567693,161.056589,-16.482529,-92.263139,-13.713816,120.791515,129.349337,60.753577,-14.120423,-2.784301,3.563029,3.587764
329.766225,167.704226,-20.570071,-86.626447,-26.209051,98.609721,111.512898,40.774641,-13.671070,-1.722303,-2.838619,10.503910
314.122814,151.500132,-49.479143,-94.029152,-24.233093,103.604903,128.352818,47.257879,3.880620,0.574007,-11.881443,0.415516
289.948088,144.758873,-36.586249,-76.749432,-16.312423,98.530167,124.256438,32.426408,-1.133614,1.214130,-3.683152,8.689374
304.865582,147.426677,-40.904660,-62.276513,9.750684,116.610192,128.306598,14.432079,-12.676960,9.017251,6.521674,19.530460
324.860602,153.532876,-13.450541,-29.383355,37.152096,120.296093,136.038646,24.708547,-10.947898,-9.934624,-1.472238,28.700822
393.272109,157.658746,-8.150362,-3.618900,61.855454,131.956478,127.231750,32.796151,-6.302869,4.597343,-7.123881,20.080745
330.920193,121.957708,16.785470,34.308751,78.874677,96.102294,92.235586,66.534307,29.172680,-0.618484,-24.046914,27.612218
246.540990,89.014483,36.210688,59.153353,72.149475,41.084739,47.834782,52.337772,6.955222,-16.626531,-27.622152,26.289726
170.957042,49.291805,17.557846,47.628834,64.775607,21.595500,33.973244,47.971545,12.227036,-0.246862,-16.100402,43.415457
176.178220,61.420822,33.825853,50.720185,63.090427,21.777158,21.156337,30.428264,21.455182,14.951782,-14.364113,31.798538
183.936241,50.285248,22.479225,66.738647,68.635739,12.473965,22.232284,29.214172,25.989540,9.240331,-22.393483,29.399703
182.304373,59.292775,29.617541,67.819773,80.405943,22.232512,23.643002,42.434408,26.352608,8.371864,-24.998581,22.830252
165.232440,44.252968,22.858761,48.214068,63.216290,12.923174,7.067406,22.512656,11.380157,9.836190,-39.127420,7.216750
156.500967,39.738412,17.919062,51.054490,71.434959,14.960386,4.175461,39.561642,30.449541,14.303114,-20.730778,27.692479
157.927108,54.079480,36.227915,58.311090,57.339004,1.687148,2.888779,29.014172,24.453103,19.417652,-4.774084,37.415880
169.047164,62.577779,47.072019,70.268701,78.328458,16.739660,16.297399,37.949188,24.977277,14.038487,-10.418874,26.238694
158.601518,49.452529,35.114615,48.211144,53.899520,9.850382,21.558343,33.674166,24.973463,10.525314,-19.772126,15.188265
156.230338,40.789045,25.528417,42.510388,59.474593,15.935548,13.742791,42.382823,38.228968,11.390967,-23.315114,21.653114
187.107399,49.035292,8.014062,45.301066,73.224651,15.113268,-7.604100,36.581328,44.709918,16.432896,-37.722108,19.928646
175.748865,47.592293,-2.086007,45.864741,68.887531,-1.029944,-12.738923,23.875747,31.310650,7.154239,-33.634613,28.123761
224.255495,59.389906,-0.027296,57.331080,62.440559,2.190419,-6.747545,30.424359,40.686424,15.783049,-25.437556,41.531203
312.055009,91.168104,12.983271,52.646115,34.839972,-7.031927,-25.931295,11.004397,54.350366,34.526505,1.981606,60.958327
386.327646,147.238541,45.764460,65.531617,13.233985,-44.698361,-40.729277,20.069088,65.378672,52.363778,35.715220,73.569853
435.595557,170.774279,29.066182,59.509182,12.493722,-56.023813,-56.230129,16.513288,64.774950,46.772811,34.748652,74.393753
522.923745,210.741013,8.827482,22.577490,-37.158035,-97.017166,-69.736465,13.596386,48.490344,36.744249,32.212292,51.668895
620.324061,264.975989,-1.978173,-23.364139,-91.521825,-121.175377,-63.581999,36.461970,76.459589,62.862096,19.172197,14.615007
621.949534,274.254791,19.117511,-44.619083,-108.762194,-117.516711,-61.476304,17.747618,69.588840,65.570214,35.290846,28.450013
618.635488,254.548412,26.873776,-29.834866,-64.730736,-69.576669,-53.145376,-13.299280,21.935424,39.365965,45.127874,53.584632
675.319595,260.530766,3.994224,-69.914395,-88.160893,-36.636388,-18.056043,-21.719204,14.572620,38.927122,43.074422,61.774297
648.503186,221.390230,24.503606,-20.311338,-58.910416,-39.331017,-6.224921,5.125322,-4.170317,14.707302,29.704145,44.869755
797.051400,204.373286,14.125746,20.181038,-7.824767,-4.973324,-8.276239,-2.406134,-11.937312,-4.180521,7.256212,8.180739
942.329163,208.257268,7.036941,14.589526,-6.910234,0.142715,-5.939044,-0.041636,-8.773434,-2.180181,3.951684,5.206780
2451.851863,386.426511,46.967804,54.075431,3.636941,7.654485,1.982126,9.839436,-0.427756,3.724710,2.173647,1.291998
27569.870174,0.000000,0.000000,0.000000,-0.000000,0.000000,0.000000,0.000000,-0.000000,0.000000,-0.000000,0.000000
27569.870174,0.000000,0.000000,0.000000,-0.000000,0.000000,0.000000,0.000000,-0.000000,0.000000,-0.000000,0.000000
27569.870174,0.000000,0.000000,0.000000,-0.000000,0.000000,0.000000,0.000000,-0.000000,0.000000,-0.000000,0.000000
27569.870174,0.000000,0.000000,0.000000,-0.000000,0.000000,0.000000,0.000000,-0.000000,0.000000,-0.000000,0.000000
27569.870174,0.000000,0.000000,0.000000,-0.000000,0.000000,0.000000,0.000000,-0.000000,0.000000,-0.000000,0.000000
27569.870174,0.000000,0.000000,0.000000,-0.000000,0.000000,0.000000,0.000000,-0.000000,0.000000,-0.000000,0.000000
27569.870174,0.000000,0.000000,0.000000,-0.000000,0.000000,0.000000,0.000000,-0.000000,0.000000,-0.000000,0.000000
27569.870174,0.000000,0.000000,0.000000,-0.000000,0.000000,0.000000,0.000000,-0.000000,0.000000,-0.000000,0.000000
27569.870174,0.000000,0.000000,0.000000,-0.000000,0.000000,0.000000,0.000000,-0.000000,0.000000,-0.000000,0.000000
27569.870174,0.000000,0.000000,0.000000,-0.000000,0.000000,0.000000,0.000000,-0.000000,0.000000,-0.000000,0.000000
27569.870174,0.000000,0.000000,0.000000,-0.000000,0.000000,0.000000,0.000000,-0.000000,0.000000,-0.000000,0.000000
27569.870174,0.000000,0.000000,0.000000,-0.000000,0.000000,0.000000,0.000000,-0.000000,0.000000,-0.000000,0.000000
27569.870174,0.000000,0.000000,0.000000,-0.000000,0.000000,0.000000,0.000000,-0.000000,0.000000,-0.000000,0.000000
27569.870174,0.000000,0.000000,0.000000,-0.000000,0.000000,0.000000,0.000000,-0.000000,0.000000,-0.000000,0.000000
27569.870174,0.000000,0.000000,0.000000,-0.000000,0.000000,0.000000,0.000000,-0.000000,0.000000,-0.000000,0.000000
27569.870174,0.000000,0.000000,0.000000,-0.000000,0.000000,0.000000,0.000000,-0.000000,0.000000,-0.000000,0.000000
27569.870174,0.000000,0.000000,0.000000,-0.000000,0.000000,0.000000,0.000000,-0.000000,0.000000,-0.000000,0.000000
27569.870174,0.000000,0.000000,0.000000,-0.000000,0.000000,0.000000,0.000000,-0.000000,0.000000,-0.000000,0.000000
27569.870174,0.000000,0.000000,0.000000,-0.000000,0.000000,0.000000,0.000000,-0.000000,0.000000,-0.000000,0.000000
27569.870174,0.000000,0.000000,0.000000,-0.000000,0.000000,0.000000,0.000000,-0.000000,0.000000,-0.000000,0.000000
1098.363746,403.206534,-59.665577,3.057101,0.675633,33.472208,-28.590579,-41.160689,-20.973126,12.145722,-2.020641,-10.314683
956.788632,474.573610,37.439155,8.157583,-39.356025,-21.173080,-23.062225,-35.405434,-39.069383,-18.623948,-23.466330,-36.107854
1010.415732,520.167864,64.841513,11.773558,-23.768053,-1.308103,-24.733521,-60.870139,-77.220330,-66.390255,-55.768680,-28.595472
970.962709,498.342212,62.795655,30.669629,-13.908217,7.753219,3.507717,-27.901994,-65.397930,-75.823788,-74.024645,-48.905406
703.209746,375.188474,113.865012,72.120178,41.170235,88.127542,71.113217,4.492162,-83.262346,-95.870128,-56.592762,-25.231194
553.151218,288.699894,109.912007,66.577309,21.319731,72.939673,116.882249,65.581233,-32.140059,-80.211081,-69.962255,-31.887114
455.707231,244.687366,79.578819,9.632003,-11.547942,95.337017,158.417378,98.588814,5.306403,-60.436945,-46.102349,-2.327089
240.337845,112.192538,59.811217,54.660196,14.469016,65.256360,99.339079,60.944272,13.436464,4.221644,14.398588,21.659343
138.582121,45.840096,36.699055,47.513002,15.278492,32.602805,63.101432,31.663056,10.879309,15.086413,13.733263,20.184956
134.275521,30.116414,17.133720,37.706376,6.507210,17.415846,44.004786,35.456779,6.818893,6.168213,23.696028,15.704279
108.790878,40.068731,31.100005,35.018270,15.725499,19.103270,48.741444,35.465741,10.059072,8.571964,10.208086,9.279530
98.969544,26.451740,28.040034,31.515165,16.676397,12.500458,29.863348,23.773621,1.099826,5.107836,10.322432,5.828619
105.783189,30.358402,28.859185,35.334818,6.015545,15.532667,43.602703,14.751914,6.372542,16.891738,2.695170,9.877169
104.185733,20.171513,17.853934,20.339665,-4.673609,11.620519,36.573559,20.881201,-2.917315,5.680679,0.943905,-2.637034
96.036833,33.083316,35.746896,35.716106,15.971765,20.997848,40.259468,23.503329,10.667833,13.985059,6.647742,5.360794
74.813480,37.831301,31.166160,24.879370,16.525079,19.184992,27.125090,15.059695,2.846311,3.430265,4.745922,10.571676
81.878430,60.802564,44.423735,34.829973,29.182461,37.893311,43.134926,34.008173,20.020095,5.955433,6.673077,9.748605
67.473553,50.204558,29.549027,21.306858,22.622265,33.955461,35.328513,27.400415,16.546618,8.406326,14.093798,18.499198
68.794905,55.604380,37.806850,28.206925,34.291272,43.750925,45.699260,36.441138,26.074593,20.545411,21.770012,24.630797
93.203057,75.305569,46.414664,34.419342,41.955815,55.071380,59.735981,47.698773,27.592840,19.787466,28.833731,37.573708
113.387257,88.915758,49.423189,27.945901,37.137371,53.784959,59.111082,50.228172,33.686300,26.162465,27.735275,36.669697
108.193200,80.796561,38.317266,20.568839,36.137687,53.977791,52.815936,39.103297,25.743435,24.070226,25.650073,29.119532
124.207757,82.801414,15.336862,-17.595740,5.658266,39.330622,42.364333,21.584119,-2.781694,-7.231406,2.452428,14.384664
288.790484,181.627689,-13.553903,-100.281488,-39.486675,44.548600,53.103957,9.160291,-22.311923,-17.539106,-2.695685,0.222394
322.021666,182.642303,-54.898924,-136.632358,-34.520623,66.007670,62.991618,20.228218,2.421774,4.952381,-9.262200,-23.255490
355.826517,207.474008,-43.273418,-121.154430,-0.656452,109.355422,94.605403,37.449140,26.672676,33.098445,2.675202,-23.749672
362.905257,211.682165,-46.803643,-123.607115,-1.479205,114.433218,105.624951,47.205691,17.610105,-1.117856,-28.515374,-35.161144
327.981686,182.276834,-69.591744,-142.470467,-25.046311,79.201138,70.824075,32.293516,25.907686,11.227884,-32.247344,-51.312554
324.232334,174.033455,-79.190751,-146.559058,-19.240459,91.166234,74.941009,25.433585,15.020615,7.556564,-28.044918,-52.001084
381.427272,216.704563,-51.557371,-128.872825,-4.861588,106.296548,83.069509,29.268944,13.007530,-1.752749,-41.734290,-60.223283
347.929822,197.943632,-30.491475,-90.235721,15.922367,104.424151,74.452958,32.945850,29.653059,12.146475,-37.413135,-63.967450
365.997194,175.369917,-57.210421,-131.604156,-12.703252,98.496738,68.051197,32.118753,4.880112,-7.312932,-36.923704,-43.380358
376.754454,168.082752,-63.942618,-141.104030,-21.155679,104.496522,67.943833,35.052765,3.516183,-8.966827,-41.936420,-49.772078
372.151038,159.238725,-68.311604,-127.555047,-15.635456,112.167693,79.546399,35.582219,15.810901,13.601213,-10.349357,-28.636385
415.381903,182.597752,-45.390590,-94.004288,-0.643707,132.121711,113.701810,66.085906,38.924360,29.718628,13.791419,19.896436
423.727580,181.802199,-30.661409,-74.146916,2.963652,128.745007,98.656021,55.205262,34.444677,17.858958,7.504314,14.195209
460.426291,225.247131,-1.819101,-45.575789,6.294120,95.358942,77.628659,37.092358,35.949609,31.391756,-9.580594,-23.210636
467.500481,210.336367,-49.847359,-68.164764,15.874514,88.489913,77.299844,40.883924,15.577436,18.621213,-8.684214,-18.736363
518.820702,208.674866,-59.821497,-40.572286,10.489314,51.988546,53.436380,32.276494,18.382517,19.082074,-25.844020,-24.775085
617.219696,329.460403,-7.709129,-51.465229,-6.268236,-23.169938,-36.976651,-22.695443,-22.567516,-17.025544,-39.931780,-26.981252
576.325630,356.007882,20.488296,-101.215547,-58.789461,-75.677959,-98.794623,-72.329107,-41.406717,-49.831979,-48.058200,-16.127857
575.111156,350.111991,-11.824576,-167.089828,-98.971352,-49.254504,-53.156983,-56.569038,-37.967803,-40.987684,-35.587422,-13.171639
534.293642,320.045603,-19.531458,-145.842506,-85.612314,-56.846971,-50.580275,-21.450870,9.950436,5.023238,-2.936709,5.459063
483.567208,285.557151,-29.474910,-146.807261,-82.204333,-47.852431,-29.727266,12.710176,57.845244,43.961965,15.867010,7.284199
474.020734,266.216849,-64.328730,-168.342573,-72.920690,-16.314864,-21.283903,10.548483,69.072109,63.116454,27.849692,7.336175
379.272889,200.452587,-79.514759,-157.732934,-52.985003,20.295913,10.950762,12.299557,46.456776,31.280167,-4.804402,-23.038461
334.222886,150.233827,-103.904438,-158.688566,-44.428712,60.613077,54.838626,39.238763,57.432786,12.977655,-29.876583,-41.972230
305.926571,129.227737,-118.210482,-154.419389,-26.736826,72.374197,52.893406,31.788999,50.635620,13.043707,-29.460985,-38.043979
313.861764,131.810076,-113.193080,-160.994013,-47.833258,61.069913,60.312999,31.265042,52.842688,14.434033,-27.577120,-36.610900
322.979878,131.737861,-123.465950,-171.003952,-51.702838,71.588228,58.997196,22.513957,54.912290,22.917110,-32.716776,-59.928612
270.999095,98.164512,-121.090392,-144.010071,-25.143402,69.647696,41.034592,7.455999,40.560679,15.619611,-21.755647,-34.253448
250.914757,86.480056,-106.895479,-129.146494,-29.487024,64.004408,40.969675,-2.003668,23.545150,3.398463,-10.426911,-15.967116
248.007061,88.031901,-111.273456,-125.081265,-6.354353,70.980112,35.575645,4.794053,34.678465,10.669867,-14.197974,-16.669904
267.951311,93.509834,-130.069944,-136.896418,13.980084,74.319885,22.948778,-2.370976,29.766942,12.619900,-13.846117,-15.386061
277.877947,104.280569,-112.827798,-137.688738,12.945413,66.475978,26.382142,1.038827,26.900583,25.470354,1.783097,7.048241
281.652850,96.959221,-93.450988,-118.060761,27.463251,67.771991,19.040377,24.974713,38.483008,33.623865,8.240167,16.563110
294.650466,97.140008,-100.437805,-122.988926,24.525889,55.100823,14.439496,34.341539,38.923024,25.962961,0.974868,17.245836
320.548569,111.090530,-102.673346,-112.982625,48.395214,81.502107,26.271737,38.770925,49.852130,42.028943,-2.769711,-1.090470
360.577632,141.377086,-78.020364,-106.039827,70.465146,113.850792,46.128627,42.761664,59.626798,54.043268,6.483910,6.387477
348.073400,125.511565,-90.181722,-116.795799,76.578675,133.177503,73.047079,44.135361,29.220996,30.591969,15.940645,40.860785
306.898693,106.487494,-79.103319,-90.739791,68.562374,118.169561,57.218509,46.003147,45.308637,24.513583,6.924387,26.656211
294.363109,100.033849,-85.993853,-99.805915,55.649661,113.816333,61.692691,42.815397,29.863221,22.853325,6.878168,22.391887
288.471295,93.165975,-96.635873,-97.868637,84.605902,141.059202,65.134226,25.070268,11.163829,12.757577,10.792714,48.225726
242.530700,75.945846,-71.819796,-84.097553,85.033782,132.423857,53.441253,1.028569,-2.223489,34.340832,28.170182,43.423046
259.991569,86.756102,-72.316552,-91.154087,78.278850,144.459315,68.766854,1.028248,-7.247654,31.763042,28.726080,44.745668
237.294533,78.376171,-76.105208,-99.616698,54.654690,126.167079,68.733812,7.957763,-6.243651,19.004107,6.063168,22.373306
252.477053,93.131557,-64.746767,-83.414870,85.208327,144.884461,75.879454,12.059394,10.691378,44.687081,28.450826,33.324255
212.717058,65.717113,-59.560721,-83.886128,59.772675,113.793518,59.293560,6.834383,-4.085795,27.907830,9.481676,27.982861
218.550976,64.214174,-65.698257,-79.188327,66.423565,120.588835,65.202190,-10.275630,-15.022644,37.567126,30.841252,23.710667
231.843242,72.369241,-65.090444,-79.386746,61.399080,118.971228,44.249556,-19.645812,-13.173667,36.732434,15.797945,15.932896
249.195781,82.914682,-57.793433,-81.376605,63.505167,129.856704,75.028012,1.120540,-8.833958,27.809139,11.912872,16.247955
227.679800,55.143774,-78.916350,-89.380372,48.784973,108.705157,55.139398,-14.593793,-20.138220,17.388965,-4.067358,14.838067
229.988710,71.286517,-68.431535,-83.903269,62.324204,129.085797,61.438797,-22.609973,-24.201218,22.106985,12.361895,17.417542
242.258249,76.463253,-71.625367,-81.425542,66.360291,130.514017,62.755018,-13.859579,-29.695182,19.030538,9.242284,12.456286
237.037562,72.292973,-78.125774,-91.316777,67.670089,129.820873,58.975686,-13.337877,-23.386320,19.982744,11.989529,13.075216
221.519160,60.756669,-78.080879,-98.859383,51.187038,110.315989,45.995052,-12.684795,-25.065630,18.943004,-4.926339,1.530291
237.867595,72.548246,-81.618734,-101.853828,39.459193,107.474315,63.531050,4.805420,-20.023605,7.994628,-9.744146,-3.296982
265.491339,83.214658,-87.618990,-113.907785,36.786563,106.749745,71.105288,21.474752,-1.023889,9.348376,-18.074405,-10.328340
275.266347,95.805533,-90.140352,-125.526222,34.882691,117.803635,71.325204,21.967177,-1.595182,3.820417,-19.664157,-11.955884
314.826997,118.378524,-93.413232,-131.781199,31.560513,123.804487,81.665523,39.887663,9.208196,4.720291,-24.297455,-9.988924
330.763094,124.207675,-98.222249,-125.407048,47.731794,132.235904,76.503459,46.643032,14.023933,-7.420164,-23.431137,12.617923
321.119045,125.399513,-84.052660,-121.244154,27.010700,97.875504,70.478980,54.796997,33.336777,-12.826951,-31.988437,9.548024
370.765481,149.545267,-105.518552,-152.204304,-5.344207,70.827243,43.306486,55.380323,55.830921,-1.633990,-55.336752,-21.117507
341.026938,129.404160,-89.178317,-120.608134,19.991007,89.548387,42.340036,43.470145,41.172527,14.293645,-34.683000,-8.259517
364.728577,142.923740,-74.993399,-105.203326,54.257042,128.053851,72.242451,49.528972,39.439590,23.742469,-9.677047,7.406278
368.097185,145.030540,-78.237812,-113.153396,20.250427,94.681808,65.607766,51.027011,42.139019,3.493575,-26.616578,10.471657
369.974672,143.524702,-84.509497,-118.316033,-1.565700,82.392805,65.744679,39.103357,39.118428,-7.822360,-37.153533,-6.478056
376.682122,155.929440,-80.626724,-122.070583,7.400807,98.443706,72.856287,28.887696,26.139491,-12.205199,-34.090833,-12.162183
411.507076,190.086240,-58.423038,-102.190779,-5.488422,75.879502,70.266970,49.633595,46.307746,-5.551576,-21.201297,-0.507174
528.305192,273.036793,-21.931903,-61.573722,-25.040431,37.644411,41.689556,23.441412,35.910916,4.733655,-3.033032,10.946713
650.161690,333.333875,-3.932892,-48.913868,-83.785047,-39.983042,-14.736231,-4.713329,25.055427,-3.908141,16.860833,33.404756
706.662234,365.868454,-11.094640,-54.473891,-65.846512,-26.294041,-20.409379,-43.217638,-17.785733,-0.654926,34.999958,27.720136
755.878257,409.370304,19.067252,-43.064715,-75.638400,-41.544846,-21.594283,-52.047615,-20.574517,11.079719,21.901144,22.963203
849.719463,504.787348,111.200896,2.233483,-80.764827,-44.839440,-14.408098,-59.498356,-41.688943,-26.649190,-37.920411,-41.953529
799.209583,472.873080,115.499154,58.795727,3.128371,6.370925,-7.169746,-73.724100,-53.903283,-18.417005,-31.553239,-46.162954
760.322739,436.026625,93.752169,38.371550,-26.931639,-14.941841,-10.040432,-56.144131,-37.311598,-18.817901,-20.016155,-13.945432
805.164363,460.014253,85.784912,20.003089,-15.991420,-5.187965,-19.118372,-52.066758,-31.931864,-29.479232,-30.054601,-18.037289
812.109935,476.759990,114.739171,44.855634,-16.991155,-15.846915,-13.399185,-58.291013,-62.735128,-52.598184,-49.504281,-50.367744
757.600551,438.967729,105.047027,46.447636,-15.119548,-6.706902,-5.461913,-37.327726,-28.468688,-25.542103,-26.507790,-38.790718
797.858894,455.275633,80.744458,17.030148,-26.114303,-28.809270,-28.767665,-47.514895,-38.282334,-22.473551,-9.312523,-20.096189
843.996623,485.029233,92.600789,46.430408,8.485678,-31.189845,-63.275849,-64.431649,-29.428655,-34.495968,-26.506310,-12.850481
807.260563,450.771878,79.627812,34.544087,-16.898290,-23.178604,-19.516678,-34.964562,-18.030659,-19.478670,-31.367731,-33.823465
